accepted_name,family,broader,establishment_means,park_list,voucher_exists,iNat_RG_record_exists
Asplenium australasicum,Aspleniaceae,1.ferns/primitive,native,1,1,1
Asplenium flabellifolium,Aspleniaceae,1.ferns/primitive,native,1,1,1
Asplenium polyodon,Aspleniaceae,1.ferns/primitive,native,1,,1
Diplazium australe,Athyriaceae,1.ferns/primitive,native,1,,1
Blechnum ambiguum,Blechnaceae,1.ferns/primitive,native,1,1,1
Blechnum camfieldii,Blechnaceae,1.ferns/primitive,native,,,
Blechnum minus,Blechnaceae,1.ferns/primitive,native,,,
Blechnum nudum,Blechnaceae,1.ferns/primitive,native,1,1,1
Blechnum patersonii,Blechnaceae,1.ferns/primitive,native,1,1,1
Blechnum wattsii,Blechnaceae,1.ferns/primitive,native,1,1,1
Doodia aspera,Blechnaceae,1.ferns/primitive,native,1,1,1
Doodia caudata,Blechnaceae,1.ferns/primitive,native,1,1,1
Oceaniopteris cartilaginea,Blechnaceae,1.ferns/primitive,native,1,1,1
Telmatoblechnum indicum,Blechnaceae,1.ferns/primitive,native,,1,
Cyathea australis,Cyatheaceae,1.ferns/primitive,native,1,1,1
Sphaeropteris australis,Cyatheaceae,1.ferns/primitive,native,1,,1
Sphaeropteris cooperi,Cyatheaceae,1.ferns/primitive,native,1,1,1
Davallia solida,Davalliaceae,1.ferns/primitive,native,1,,1
Dennstaedtia davallioides,Dennstaedtiaceae,1.ferns/primitive,native,1,,1
Histiopteris incisa,Dennstaedtiaceae,1.ferns/primitive,native,1,1,1
Hypolepis glandulifera,Dennstaedtiaceae,1.ferns/primitive,native,1,,1
Hypolepis muelleri,Dennstaedtiaceae,1.ferns/primitive,native,1,1,1
Pteridium esculentum,Dennstaedtiaceae,1.ferns/primitive,native,1,1,1
Calochlaena dubia,Dicksoniaceae,1.ferns/primitive,native,1,1,1
Cyrtomium falcatum,Dryopteridaceae,1.ferns/primitive,introduced,1,1,
Lastreopsis decomposita,Dryopteridaceae,1.ferns/primitive,native,1,,1
Parapolystichum acuminatum,Dryopteridaceae,1.ferns/primitive,native,1,,1
Parapolystichum microsorum,Dryopteridaceae,1.ferns/primitive,native,1,,1
Polystichum australiense,Dryopteridaceae,1.ferns/primitive,native,1,1,1
Polystichum proliferum,Dryopteridaceae,1.ferns/primitive,native,1,1,1
Dicranopteris linearis,Gleicheniaceae,1.ferns/primitive,native,1,,1
Gleichenia dicarpa,Gleicheniaceae,1.ferns/primitive,native,1,1,1
Gleichenia microphylla,Gleicheniaceae,1.ferns/primitive,native,1,1,1
Gleichenia rupestris,Gleicheniaceae,1.ferns/primitive,native,1,1,1
Sticherus flabellatus,Gleicheniaceae,1.ferns/primitive,native,1,1,1
Sticherus lobatus,Gleicheniaceae,1.ferns/primitive,native,1,,1
Hymenophyllum cupressiforme,Hymenophyllaceae,1.ferns/primitive,native,1,1,1
Lindsaea linearis,Lindsaeaceae,1.ferns/primitive,native,1,1,1
Lindsaea microphylla,Lindsaeaceae,1.ferns/primitive,native,1,1,1
Lateristachys lateralis,Lycopodiaceae,1.ferns/primitive,native,,1,
Lycopodium deuterodensum,Lycopodiaceae,1.ferns/primitive,native,1,1,1
Palhinhaea cernua,Lycopodiaceae,1.ferns/primitive,native,1,,1
Nephrolepis cordifolia,Nephrolepidaceae,1.ferns/primitive,introduced,,1,
Botrychium australe,Ophioglossaceae,1.ferns/primitive,native,,1,
Ophioglossum lusitanicum,Ophioglossaceae,1.ferns/primitive,native,1,,1
Todea barbara,Osmundaceae,1.ferns/primitive,native,1,1,1
Dictymia brownii,Polypodiaceae,1.ferns/primitive,native,1,,1
Microsorum pustulatum,Polypodiaceae,1.ferns/primitive,native,1,,1
Microsorum scandens,Polypodiaceae,1.ferns/primitive,native,1,1,1
Notogrammitis billardierei,Polypodiaceae,1.ferns/primitive,native,1,,1
Platycerium bifurcatum,Polypodiaceae,1.ferns/primitive,native,,1,
Platycerium superbum,Polypodiaceae,1.ferns/primitive,introduced,,1,
Pyrrosia rupestris,Polypodiaceae,1.ferns/primitive,native,1,1,1
Psilotum nudum,Psilotaceae,1.ferns/primitive,native,1,1,1
Tmesipteris truncata,Psilotaceae,1.ferns/primitive,native,,,
Adiantum aethiopicum,Pteridaceae,1.ferns/primitive,native,1,1,1
Adiantum formosum,Pteridaceae,1.ferns/primitive,native,1,1,1
Adiantum hispidulum,Pteridaceae,1.ferns/primitive,native,1,1,1
Adiantum raddianum,Pteridaceae,1.ferns/primitive,introduced,1,,
Adiantum silvaticum,Pteridaceae,1.ferns/primitive,native,1,,1
Cheilanthes distans,Pteridaceae,1.ferns/primitive,native,1,,1
Cheilanthes sieberi,Pteridaceae,1.ferns/primitive,native,,1,
Pellaea falcata,Pteridaceae,1.ferns/primitive,native,1,1,1
Pteris tremula,Pteridaceae,1.ferns/primitive,native,1,1,1
Pteris umbrosa,Pteridaceae,1.ferns/primitive,native,1,,1
Pteris vittata,Pteridaceae,1.ferns/primitive,native,,1,
Schizaea bifida,Schizaeaceae,1.ferns/primitive,native,1,1,1
Schizaea dichotoma,Schizaeaceae,1.ferns/primitive,native,1,,1
Schizaea rupestris,Schizaeaceae,1.ferns/primitive,native,1,,1
Selaginella kraussiana,Selaginellaceae,1.ferns/primitive,introduced,,1,
Selaginella uliginosa,Selaginellaceae,1.ferns/primitive,native,1,1,1
Arthropteris beckleri,Tectariaceae,1.ferns/primitive,native,,,
Arthropteris tenella,Tectariaceae,1.ferns/primitive,native,1,,1
Cyclosorus interruptus,Thelypteridaceae,1.ferns/primitive,native,,,
Macrozamia communis,Zamiaceae,1.ferns/primitive,native,1,1,
Macrozamia spiralis,Zamiaceae,1.ferns/primitive,native,1,1,
Araucaria cunninghamii,Araucariaceae,2.gymnosperm,introduced,,1,
Callitris muelleri,Cupressaceae,2.gymnosperm,native,1,,1
Callitris rhomboidea,Cupressaceae,2.gymnosperm,native,1,1,1
Pinus radiata,Pinaceae,2.gymnosperm,introduced,,,
Podocarpus spinulosus,Podocarpaceae,2.gymnosperm,native,1,1,1
Avicennia marina,Acanthaceae,3.dicot,native,,1,
Brunoniella pumilio,Acanthaceae,3.dicot,native,,1,
Pseuderanthemum variabile,Acanthaceae,3.dicot,native,1,1,1
Thunbergia alata,Acanthaceae,3.dicot,introduced,1,1,1
Carpobrotus aequilaterus,Aizoaceae,3.dicot,introduced,,,
Carpobrotus glaucescens,Aizoaceae,3.dicot,native,1,1,
Tetragonia tetragonoides,Aizoaceae,3.dicot,native,,1,
Alternanthera denticulata,Amaranthaceae,3.dicot,native,1,,1
Atriplex prostrata,Amaranthaceae,3.dicot,introduced,,,
Chenopodium nutans,Amaranthaceae,3.dicot,native,,,
Chenopodium robertianum,Amaranthaceae,3.dicot,native,,,
Chenopodium trigonon,Amaranthaceae,3.dicot,native,1,,1
Deeringia amaranthoides,Amaranthaceae,3.dicot,native,1,,1
Dysphania ambrosioides,Amaranthaceae,3.dicot,introduced,,,
Gomphrena celosioides,Amaranthaceae,3.dicot,introduced,1,,
Rhagodia candolleana,Amaranthaceae,3.dicot,native,1,,1
Salicornia quinqueflora,Amaranthaceae,3.dicot,native,,1,
Suaeda australis,Amaranthaceae,3.dicot,native,1,1,1
Euroschinus falcatus,Anacardiaceae,3.dicot,native,1,,1
Aphanopetalum resinosum,Aphanopetalaceae,3.dicot,native,1,1,1
Actinotus helianthi,Apiaceae,3.dicot,native,1,1,1
Actinotus minor,Apiaceae,3.dicot,native,1,1,1
Apium prostratum,Apiaceae,3.dicot,native,1,,1
Centella asiatica,Apiaceae,3.dicot,native,1,,1
Centella cordifolia,Apiaceae,3.dicot,native,1,,1
Cyclospermum leptophyllum,Apiaceae,3.dicot,introduced,1,1,
Daucus glochidiatus,Apiaceae,3.dicot,native,,,
Foeniculum vulgare,Apiaceae,3.dicot,introduced,,,
Lilaeopsis polyantha,Apiaceae,3.dicot,native,1,,
Platysace ericoides,Apiaceae,3.dicot,native,1,1,1
Platysace lanceolata,Apiaceae,3.dicot,native,1,1,1
Platysace linearifolia,Apiaceae,3.dicot,native,1,1,1
Platysace stephensonii,Apiaceae,3.dicot,native,1,1,1
Xanthosia pilosa,Apiaceae,3.dicot,native,1,1,1
Xanthosia tridentata,Apiaceae,3.dicot,native,,1,
Araujia sericifera,Apocynaceae,3.dicot,introduced,,1,
Asclepias curassavica,Apocynaceae,3.dicot,introduced,,1,
Gomphocarpus fruticosus,Apocynaceae,3.dicot,introduced,1,1,
Gomphocarpus physocarpus,Apocynaceae,3.dicot,introduced,,1,
Leichhardtia flavescens,Apocynaceae,3.dicot,native,1,,1
Leichhardtia rostrata,Apocynaceae,3.dicot,native,,1,
Leichhardtia suaveolens,Apocynaceae,3.dicot,native,1,1,
Melodinus australis,Apocynaceae,3.dicot,native,1,,1
Nerium oleander,Apocynaceae,3.dicot,introduced,,1,
Parsonsia straminea,Apocynaceae,3.dicot,native,1,1,1
Vinca major,Apocynaceae,3.dicot,introduced,,1,
Vincetoxicum barbatum,Apocynaceae,3.dicot,native,1,1,
Astrotricha crassifolia,Araliaceae,3.dicot,native,1,,1
Cephalaralia cephalobotrys,Araliaceae,3.dicot,native,,,
Hydrocotyle acutiloba,Araliaceae,3.dicot,native,1,,1
Hydrocotyle bonariensis,Araliaceae,3.dicot,introduced,1,1,1
Hydrocotyle geraniifolia,Araliaceae,3.dicot,native,1,1,1
Hydrocotyle hirta,Araliaceae,3.dicot,native,1,1,
Hydrocotyle laxiflora,Araliaceae,3.dicot,native,,,
Hydrocotyle sibthorpioides,Araliaceae,3.dicot,native,,,
Hydrocotyle tripartita,Araliaceae,3.dicot,native,1,1,1
Polyscias elegans,Araliaceae,3.dicot,native,1,,1
Polyscias murrayi,Araliaceae,3.dicot,native,1,,1
Polyscias sambucifolia,Araliaceae,3.dicot,native,1,1,1
Trachymene incisa,Araliaceae,3.dicot,native,1,,1
Acanthospermum australe,Asteraceae,3.dicot,introduced,1,1,1
Ageratina adenophora,Asteraceae,3.dicot,introduced,1,1,
Ageratina riparia,Asteraceae,3.dicot,introduced,1,1,1
Arctotheca calendula,Asteraceae,3.dicot,introduced,,,
Arctotheca populifolia,Asteraceae,3.dicot,introduced,1,,1
Arrhenechthites mixtus,Asteraceae,3.dicot,native,1,,1
Bartlettina sordida,Asteraceae,3.dicot,introduced,,1,
Bidens alba,Asteraceae,3.dicot,introduced,,1,
Bidens pilosa,Asteraceae,3.dicot,introduced,,,
Brachyscome graminea,Asteraceae,3.dicot,native,,1,
Calomeria amaranthoides ,Asteraceae,3.dicot,native,1,,1
Cassinia aculeata,Asteraceae,3.dicot,native,1,,1
Cassinia aureonitens,Asteraceae,3.dicot,native,1,1,1
Cassinia denticulata,Asteraceae,3.dicot,native,1,1,1
Cassinia longifolia,Asteraceae,3.dicot,native,1,,1
Cassinia trinerva,Asteraceae,3.dicot,native,1,,1
Centipeda minima ,Asteraceae,3.dicot,native,,,
Cichorium intybus,Asteraceae,3.dicot,introduced,,,
Cirsium vulgare,Asteraceae,3.dicot,introduced,,1,
Coreopsis lanceolata,Asteraceae,3.dicot,introduced,,,
Coronidium elatum,Asteraceae,3.dicot,native,1,1,1
Coronidium gunnianum,Asteraceae,3.dicot,native,1,,1
Coronidium rutidolepis,Asteraceae,3.dicot,native,1,1,1
Coronidium scorpioides,Asteraceae,3.dicot,native,1,1,1
Cotula australis,Asteraceae,3.dicot,native,,,
Cotula coronopifolia,Asteraceae,3.dicot,introduced,,,
Crassocephalum crepidioides,Asteraceae,3.dicot,introduced,1,,1
Cyanthillium cinereum,Asteraceae,3.dicot,native,,1,
Delairea odorata,Asteraceae,3.dicot,introduced,,,
Dittrichia graveolens,Asteraceae,3.dicot,introduced,,1,
Eclipta platyglossa,Asteraceae,3.dicot,native,1,,1
Erechtites valerianifolius,Asteraceae,3.dicot,introduced,1,,1
Erigeron bonariensis,Asteraceae,3.dicot,introduced,,,
Erigeron canadensis,Asteraceae,3.dicot,introduced,,,
Erigeron karvinskianus,Asteraceae,3.dicot,introduced,,1,
Erigeron sumatrensis,Asteraceae,3.dicot,introduced,1,,1
Euchiton involucratus,Asteraceae,3.dicot,native,1,,1
Euchiton japonicus,Asteraceae,3.dicot,native,,,
Euchiton sphaericus,Asteraceae,3.dicot,native,,1,
Euryops chrysanthemoides,Asteraceae,3.dicot,introduced,,1,
Facelis retusa,Asteraceae,3.dicot,introduced,,,
Galinsoga parviflora,Asteraceae,3.dicot,native,1,,1
Gamochaeta americana,Asteraceae,3.dicot,introduced,1,,1
Gamochaeta coarctata,Asteraceae,3.dicot,introduced,,,
Gamochaeta purpurea,Asteraceae,3.dicot,introduced,,,
Gymnocoronis spilanthoides,Asteraceae,3.dicot,introduced,1,1,
Hypochaeris glabra,Asteraceae,3.dicot,introduced,,,
Hypochaeris radicata,Asteraceae,3.dicot,introduced,,,
Lagenophora sublyrata,Asteraceae,3.dicot,native,,1,
Leptinella longipes,Asteraceae,3.dicot,native,1,,1
Olearia elliptica,Asteraceae,3.dicot,native,1,,
Olearia microphylla,Asteraceae,3.dicot,native,1,1,1
Olearia tomentosa,Asteraceae,3.dicot,native,,,
Olearia viscidula,Asteraceae,3.dicot,native,,,
Osteospermum moniliferum,Asteraceae,3.dicot,introduced,,,
Ozothamnus adnatus,Asteraceae,3.dicot,native,1,,1
Ozothamnus diosmifolius,Asteraceae,3.dicot,native,1,1,1
Plecostachys serpyllifolia,Asteraceae,3.dicot,introduced,1,,
Podolepis jaceoides,Asteraceae,3.dicot,native,1,,1
Pseudognaphalium luteoalbum,Asteraceae,3.dicot,native,1,,1
Senecio bipinnatisectus,Asteraceae,3.dicot,native,1,,1
Senecio diaschides,Asteraceae,3.dicot,native,1,,1
Senecio glastifolius,Asteraceae,3.dicot,introduced,1,,
Senecio hispidulus,Asteraceae,3.dicot,native,1,,1
Senecio linearifolius,Asteraceae,3.dicot,native,1,,1
Senecio madagascariensis,Asteraceae,3.dicot,introduced,,1,
Senecio minimus,Asteraceae,3.dicot,native,1,,1
Senecio pinnatifolius,Asteraceae,3.dicot,native,1,,1
Senecio prenanthoides,Asteraceae,3.dicot,native,1,,1
Senecio spathulatus,Asteraceae,3.dicot,native,1,,
Senecio vagus,Asteraceae,3.dicot,native,1,,1
Sigesbeckia orientalis,Asteraceae,3.dicot,native,1,1,1
Sonchus megalocarpus,Asteraceae,3.dicot,native,,1,
Sonchus oleraceus,Asteraceae,3.dicot,introduced,,,
Sphaeromorphaea australis,Asteraceae,3.dicot,native,1,,1
Symphyotrichum subulatum,Asteraceae,3.dicot,introduced,,,
Tagetes minuta,Asteraceae,3.dicot,introduced,,1,
Tanacetum vulgare,Asteraceae,3.dicot,introduced,1,,1
Taraxacum officinale,Asteraceae,3.dicot,introduced,,,
Vittadinia triloba,Asteraceae,3.dicot,native,,,
Wollastonia uniflora,Asteraceae,3.dicot,native,1,,1
Xanthium strumarium,Asteraceae,3.dicot,introduced,1,,1
Xerochrysum bracteatum,Asteraceae,3.dicot,native,1,1,1
Doryphora sassafras,Atherospermataceae,3.dicot,native,1,1,1
Anredera cordifolia,Basellaceae,3.dicot,introduced,1,,1
Begonia cucullata,Begoniaceae,3.dicot,introduced,,1,
Nandina domestica,Berberidaceae,3.dicot,introduced,,1,
Campsis × tagliabueana,Bignoniaceae,3.dicot,introduced,,1,
Pandorea pandorana,Bignoniaceae,3.dicot,native,1,1,1
Hackelia latifolia,Boraginaceae,3.dicot,native,1,,
Heliotropium amplexicaule,Boraginaceae,3.dicot,introduced,,1,
Cakile edentula,Brassicaceae,3.dicot,introduced,,,
Lepidium bonariense,Brassicaceae,3.dicot,introduced,,,
Lepidium pseudotasmanicum,Brassicaceae,3.dicot,native,1,,1
Rorippa gigantea,Brassicaceae,3.dicot,native,1,,1
Cabomba caroliniana,Cabombaceae,3.dicot,introduced,1,,
Opuntia stricta ,Cactaceae,3.dicot,introduced,,,
Isotoma fluviatilis ,Campanulaceae,3.dicot,native,,,
Lobelia anceps,Campanulaceae,3.dicot,native,1,1,1
Lobelia andrewsii,Campanulaceae,3.dicot,native,1,1,1
Lobelia concolor,Campanulaceae,3.dicot,native,,,
Lobelia dentata,Campanulaceae,3.dicot,native,1,1,1
Lobelia gibbosa,Campanulaceae,3.dicot,native,1,,1
Lobelia purpurascens,Campanulaceae,3.dicot,native,1,1,1
Lobelia simplicicaulis,Campanulaceae,3.dicot,native,1,,1
Wahlenbergia gracilis,Campanulaceae,3.dicot,native,1,,1
Wahlenbergia littoricola,Campanulaceae,3.dicot,native,1,,
Wahlenbergia stricta,Campanulaceae,3.dicot,native,1,,1
Celtis paniculata,Cannabaceae,3.dicot,native,1,,1
Trema tomentosa,Cannabaceae,3.dicot,native,1,1,1
Lonicera japonica,Caprifoliaceae,3.dicot,introduced,,1,
Citronella moorei,Cardiopteridaceae,3.dicot,native,1,,1
Arenaria leptoclados,Caryophyllaceae,3.dicot,introduced,,,
Cerastium glomeratum,Caryophyllaceae,3.dicot,introduced,,,
Paronychia brasiliana,Caryophyllaceae,3.dicot,introduced,,,
Polycarpon tetraphyllum,Caryophyllaceae,3.dicot,introduced,,1,
Sagina maritima,Caryophyllaceae,3.dicot,introduced,1,,1
Silene gallica,Caryophyllaceae,3.dicot,introduced,1,,1
Spergula arvensis,Caryophyllaceae,3.dicot,introduced,,,
Spergularia rubra,Caryophyllaceae,3.dicot,introduced,1,,
Stellaria flaccida,Caryophyllaceae,3.dicot,native,1,1,1
Stellaria media,Caryophyllaceae,3.dicot,introduced,,,
Allocasuarina distyla,Casuarinaceae,3.dicot,native,1,1,1
Allocasuarina littoralis,Casuarinaceae,3.dicot,native,1,1,1
Allocasuarina nana,Casuarinaceae,3.dicot,native,1,,1
Allocasuarina paludosa,Casuarinaceae,3.dicot,native,,,
Allocasuarina torulosa,Casuarinaceae,3.dicot,native,1,1,1
Allocasuarina verticillata,Casuarinaceae,3.dicot,native,1,1,1
Casuarina glauca,Casuarinaceae,3.dicot,native,1,,1
Celastrus subspicatus,Celastraceae,3.dicot,native,1,,1
Denhamia silvestris,Celastraceae,3.dicot,native,,,
Elaeodendron australe,Celastraceae,3.dicot,native,1,1,1
Stackhousia monogyna,Celastraceae,3.dicot,native,1,,1
Stackhousia nuda,Celastraceae,3.dicot,native,,,
Stackhousia viminea,Celastraceae,3.dicot,native,,1,
Calystegia marginata,Convolvulaceae,3.dicot,native,,,
Calystegia soldanella,Convolvulaceae,3.dicot,native,1,1,1
Convolvulus arvensis,Convolvulaceae,3.dicot,native,,,
Dichondra repens,Convolvulaceae,3.dicot,native,1,1,1
Ipomoea cairica,Convolvulaceae,3.dicot,introduced,1,,
Ipomoea indica,Convolvulaceae,3.dicot,introduced,,1,
Ipomoea pes-caprae,Convolvulaceae,3.dicot,native,1,1,1
Ipomoea purpurea,Convolvulaceae,3.dicot,introduced,,,
Polymeria calycina,Convolvulaceae,3.dicot,native,,1,
Wilsonia rotundifolia,Convolvulaceae,3.dicot,native,1,,
Crassula decumbens,Crassulaceae,3.dicot,native,1,,
Crassula multicava,Crassulaceae,3.dicot,introduced,,1,
Crassula peduncularis,Crassulaceae,3.dicot,native,1,,
Crassula sieberiana,Crassulaceae,3.dicot,native,1,,1
Crassula spathulata,Crassulaceae,3.dicot,introduced,1,,
Kalanchoe × houghtonii,Crassulaceae,3.dicot,introduced,,1,
Kalanchoe delagoensis,Crassulaceae,3.dicot,introduced,1,1,
Cucumis myriocarpus,Cucurbitaceae,3.dicot,introduced,,,
Bauera microphylla,Cunoniaceae,3.dicot,native,1,1,1
Bauera rubioides,Cunoniaceae,3.dicot,native,1,1,1
Callicoma serratifolia,Cunoniaceae,3.dicot,native,1,1,1
Ceratopetalum apetalum,Cunoniaceae,3.dicot,native,1,1,1
Ceratopetalum gummiferum,Cunoniaceae,3.dicot,native,1,1,1
Schizomeria ovata,Cunoniaceae,3.dicot,native,1,1,1
Hibbertia acicularis ,Dilleniaceae,3.dicot,native,,,
Hibbertia aspera,Dilleniaceae,3.dicot,native,1,1,1
Hibbertia bracteata,Dilleniaceae,3.dicot,native,1,,1
Hibbertia dentata,Dilleniaceae,3.dicot,native,1,1,1
Hibbertia empetrifolia,Dilleniaceae,3.dicot,native,1,1,1
Hibbertia ericifolia,Dilleniaceae,3.dicot,native,1,1,1
Hibbertia fasciculata,Dilleniaceae,3.dicot,native,1,1,1
Hibbertia linearis,Dilleniaceae,3.dicot,native,1,1,1
Hibbertia monogyna,Dilleniaceae,3.dicot,native,1,1,1
Hibbertia nitida,Dilleniaceae,3.dicot,native,1,1,1
Hibbertia obtusifolia,Dilleniaceae,3.dicot,native,1,1,1
Hibbertia pedunculata,Dilleniaceae,3.dicot,native,,,
Hibbertia riparia,Dilleniaceae,3.dicot,native,,,
Hibbertia salicifolia,Dilleniaceae,3.dicot,native,1,,1
Hibbertia scandens,Dilleniaceae,3.dicot,native,1,1,1
Hibbertia stricta,Dilleniaceae,3.dicot,native,,1,
Drosera auriculata,Droseraceae,3.dicot,native,1,1,1
Drosera binata,Droseraceae,3.dicot,native,1,1,1
Drosera capensis,Droseraceae,3.dicot,introduced,1,,
Drosera hookeri,Droseraceae,3.dicot,native,1,,1
Drosera peltata,Droseraceae,3.dicot,native,1,1,1
Drosera pygmaea,Droseraceae,3.dicot,native,1,1,1
Drosera spatulata,Droseraceae,3.dicot,native,1,1,1
Diospyros australis,Ebenaceae,3.dicot,native,1,1,1
Diospyros pentamera,Ebenaceae,3.dicot,native,,,
Elaeocarpus reticulatus,Elaeocarpaceae,3.dicot,native,1,1,1
Sloanea australis,Elaeocarpaceae,3.dicot,native,1,,1
Tetratheca ericifolia,Elaeocarpaceae,3.dicot,native,1,,1
Tetratheca neglecta,Elaeocarpaceae,3.dicot,native,1,1,1
Tetratheca shiressii,Elaeocarpaceae,3.dicot,native,1,1,1
Tetratheca thymifolia,Elaeocarpaceae,3.dicot,native,1,1,
Elatine gratioloides,Elatinaceae,3.dicot,native,,1,
Acrotriche divaricata,Ericaceae,3.dicot,native,1,1,1
Brachyloma daphnoides,Ericaceae,3.dicot,native,1,1,1
Daboecia cantabrica,Ericaceae,3.dicot,introduced,,,
Dracophyllum secundum,Ericaceae,3.dicot,native,1,1,1
Epacris coriacea,Ericaceae,3.dicot,native,1,1,1
Epacris crassifolia,Ericaceae,3.dicot,native,,,
Epacris longiflora,Ericaceae,3.dicot,native,1,1,1
Epacris microphylla,Ericaceae,3.dicot,native,1,1,1
Epacris obtusifolia,Ericaceae,3.dicot,native,1,1,1
Epacris pulchella,Ericaceae,3.dicot,native,1,1,1
Epacris purpurascens,Ericaceae,3.dicot,native,1,,1
Erica lusitanica,Ericaceae,3.dicot,introduced,1,,
Leucopogon affinis,Ericaceae,3.dicot,native,1,1,1
Leucopogon amplexicaulis,Ericaceae,3.dicot,native,1,1,1
Leucopogon microphyllus,Ericaceae,3.dicot,native,1,1,1
Leucopogon parviflorus,Ericaceae,3.dicot,native,1,1,1
Leucopogon virgatus,Ericaceae,3.dicot,native,1,,1
Lissanthe strigosa,Ericaceae,3.dicot,native,1,1,1
Monotoca elliptica,Ericaceae,3.dicot,native,1,1,1
Monotoca ledifolia,Ericaceae,3.dicot,native,1,,1
Monotoca scoparia,Ericaceae,3.dicot,native,1,1,1
Sprengelia incarnata,Ericaceae,3.dicot,native,1,1,1
Stenanthera pinifolia,Ericaceae,3.dicot,native,1,1,1
Styphelia angustifolia,Ericaceae,3.dicot,native,1,,1
Styphelia ericoides,Ericaceae,3.dicot,native,1,1,1
Styphelia esquamata,Ericaceae,3.dicot,native,1,1,1
Styphelia exolasia,Ericaceae,3.dicot,native,,,
Styphelia humifusa,Ericaceae,3.dicot,native,1,,1
Styphelia laeta,Ericaceae,3.dicot,native,1,,1
Styphelia longifolia,Ericaceae,3.dicot,native,1,,1
Styphelia setigera,Ericaceae,3.dicot,native,1,1,1
Styphelia sieberi,Ericaceae,3.dicot,native,1,1,
Styphelia triflora,Ericaceae,3.dicot,native,1,1,1
Styphelia tubiflora,Ericaceae,3.dicot,native,1,1,1
Styphelia viridis,Ericaceae,3.dicot,native,1,1,1
Trochocarpa laurina,Ericaceae,3.dicot,native,1,1,1
Woollsia pungens,Ericaceae,3.dicot,native,1,1,1
Polyosma cunninghamii,Escalloniaceae,3.dicot,native,1,1,1
Amperea xiphoclada,Euphorbiaceae,3.dicot,native,1,1,1
Baloghia inophylla,Euphorbiaceae,3.dicot,native,,,
Bertya pomaderroides,Euphorbiaceae,3.dicot,native,1,,1
Claoxylon australe,Euphorbiaceae,3.dicot,native,1,,1
Euphorbia peplus,Euphorbiaceae,3.dicot,introduced,,1,
Homalanthus populifolius,Euphorbiaceae,3.dicot,native,,1,
Homalanthus stillingiifolius,Euphorbiaceae,3.dicot,native,1,,1
Monotaxis linifolia,Euphorbiaceae,3.dicot,native,1,,1
Pseudanthus divaricatissimus,Euphorbiaceae,3.dicot,native,1,,
Pseudanthus orientalis,Euphorbiaceae,3.dicot,native,,,
Pseudanthus pimeleoides,Euphorbiaceae,3.dicot,native,1,1,1
Ricinocarpos pinifolius,Euphorbiaceae,3.dicot,native,1,1,1
Ricinus communis,Euphorbiaceae,3.dicot,introduced,,,
Eupomatia laurina,Eupomatiaceae,3.dicot,native,1,1,1
Acacia baileyana,Fabaceae,3.dicot,introduced,,1,
Acacia baueri,Fabaceae,3.dicot,native,1,,1
Acacia binervata,Fabaceae,3.dicot,native,1,1,1
Acacia binervia,Fabaceae,3.dicot,native,,1,
Acacia brownii,Fabaceae,3.dicot,native,1,1,1
Acacia bynoeana,Fabaceae,3.dicot,native,1,,1
Acacia decurrens,Fabaceae,3.dicot,native,,1,
Acacia echinula,Fabaceae,3.dicot,native,1,1,1
Acacia elata,Fabaceae,3.dicot,native,1,,1
Acacia elongata,Fabaceae,3.dicot,native,1,1,1
Acacia falcata,Fabaceae,3.dicot,native,1,1,1
Acacia fimbriata,Fabaceae,3.dicot,native,1,1,1
Acacia floribunda,Fabaceae,3.dicot,native,1,1,1
Acacia hispidula,Fabaceae,3.dicot,native,,1,
Acacia implexa,Fabaceae,3.dicot,native,,,
Acacia irrorata,Fabaceae,3.dicot,native,1,1,1
Acacia linifolia,Fabaceae,3.dicot,native,1,1,1
Acacia longifolia,Fabaceae,3.dicot,native,1,1,1
Acacia longissima,Fabaceae,3.dicot,native,1,1,1
Acacia maidenii,Fabaceae,3.dicot,native,1,,1
Acacia mearnsii,Fabaceae,3.dicot,native,,1,
Acacia melanoxylon,Fabaceae,3.dicot,native,1,1,1
Acacia myrtifolia,Fabaceae,3.dicot,native,1,1,1
Acacia obtusifolia,Fabaceae,3.dicot,native,1,,1
Acacia parramattensis,Fabaceae,3.dicot,native,1,1,1
Acacia podalyriifolia,Fabaceae,3.dicot,introduced,,1,
Acacia pycnantha,Fabaceae,3.dicot,introduced,1,,1
Acacia saligna,Fabaceae,3.dicot,introduced,,,
Acacia schinoides,Fabaceae,3.dicot,native,1,,1
Acacia stricta,Fabaceae,3.dicot,native,1,1,1
Acacia suaveolens,Fabaceae,3.dicot,native,1,1,1
Acacia terminalis,Fabaceae,3.dicot,native,1,1,1
Acacia ulicifolia,Fabaceae,3.dicot,native,1,1,1
Almaleea paludosa,Fabaceae,3.dicot,native,1,,1
Aotus ericoides,Fabaceae,3.dicot,native,1,1,1
Bossiaea ensata,Fabaceae,3.dicot,native,1,1,1
Bossiaea heterophylla,Fabaceae,3.dicot,native,1,1,1
Bossiaea obcordata,Fabaceae,3.dicot,native,1,,1
Bossiaea prostrata,Fabaceae,3.dicot,native,1,,
Bossiaea rhombifolia,Fabaceae,3.dicot,native,1,,1
Bossiaea scolopendria,Fabaceae,3.dicot,native,1,1,1
Bossiaea stephensonii,Fabaceae,3.dicot,native,1,1,1
Daviesia acicularis,Fabaceae,3.dicot,native,,,
Daviesia alata,Fabaceae,3.dicot,native,1,1,1
Daviesia corymbosa,Fabaceae,3.dicot,native,1,1,1
Daviesia ulicifolia,Fabaceae,3.dicot,native,,1,
Desmodium rhytidophyllum,Fabaceae,3.dicot,native,,,
Desmodium varians,Fabaceae,3.dicot,native,,,
Dillwynia floribunda,Fabaceae,3.dicot,native,1,1,1
Dillwynia glaberrima,Fabaceae,3.dicot,native,1,,1
Dillwynia retorta,Fabaceae,3.dicot,native,1,1,1
Dillwynia sericea,Fabaceae,3.dicot,native,1,,1
Dillwynia trichopoda,Fabaceae,3.dicot,native,1,,1
Dipogon lignosus,Fabaceae,3.dicot,introduced,,,
Erythrina × sykesii,Fabaceae,3.dicot,introduced,,,
Genista monspessulana,Fabaceae,3.dicot,introduced,,,
Glycine clandestina,Fabaceae,3.dicot,native,1,1,1
Glycine microphylla,Fabaceae,3.dicot,native,,,
Glycine tabacina,Fabaceae,3.dicot,native,,,
Gompholobium glabratum,Fabaceae,3.dicot,native,1,1,1
Gompholobium grandiflorum,Fabaceae,3.dicot,native,1,1,1
Gompholobium inconspicuum,Fabaceae,3.dicot,native,1,,
Gompholobium latifolium,Fabaceae,3.dicot,native,1,1,1
Gompholobium minus,Fabaceae,3.dicot,native,,,
Hardenbergia violacea,Fabaceae,3.dicot,native,1,1,1
Hovea linearis,Fabaceae,3.dicot,native,1,1,1
Hovea longifolia,Fabaceae,3.dicot,native,1,,1
Indigofera australis,Fabaceae,3.dicot,native,1,1,1
Jacksonia scoparia,Fabaceae,3.dicot,native,1,,1
Kennedia prostrata,Fabaceae,3.dicot,native,1,1,1
Kennedia rubicunda,Fabaceae,3.dicot,native,1,1,1
Lotus angustissimus,Fabaceae,3.dicot,introduced,,,
Medicago lupulina,Fabaceae,3.dicot,introduced,1,,
Medicago polymorpha,Fabaceae,3.dicot,introduced,1,,
Mirbelia rubiifolia,Fabaceae,3.dicot,native,1,1,1
Mirbelia speciosa,Fabaceae,3.dicot,native,1,1,1
Oxylobium cordifolium,Fabaceae,3.dicot,native,1,,
Oxytes brachypoda,Fabaceae,3.dicot,native,,,
Pararchidendron pruinosum,Fabaceae,3.dicot,native,1,,1
Paraserianthes lophantha ,Fabaceae,3.dicot,introduced,,,
Phyllota grandiflora,Fabaceae,3.dicot,native,1,1,1
Phyllota phylicoides,Fabaceae,3.dicot,native,1,1,1
Platylobium formosum,Fabaceae,3.dicot,native,1,1,1
Platylobium parviflorum,Fabaceae,3.dicot,native,1,,1
Psoralea pinnata,Fabaceae,3.dicot,introduced,1,1,1
Pullenia gunnii,Fabaceae,3.dicot,native,,1,
Pultenaea aristata,Fabaceae,3.dicot,native,,,
Pultenaea blakelyi,Fabaceae,3.dicot,native,1,1,1
Pultenaea daphnoides,Fabaceae,3.dicot,native,1,1,1
Pultenaea dentata,Fabaceae,3.dicot,native,1,,1
Pultenaea ferruginea,Fabaceae,3.dicot,native,1,,
Pultenaea flexilis,Fabaceae,3.dicot,native,,1,
Pultenaea hispidula,Fabaceae,3.dicot,native,1,,1
Pultenaea linophylla,Fabaceae,3.dicot,native,1,1,1
Pultenaea polifolia,Fabaceae,3.dicot,native,1,,1
Pultenaea retusa,Fabaceae,3.dicot,native,1,1,1
Pultenaea scabra,Fabaceae,3.dicot,native,,,
Pultenaea stipularis,Fabaceae,3.dicot,native,1,1,1
Pultenaea tuberculata,Fabaceae,3.dicot,native,1,1,1
Pultenaea villosa,Fabaceae,3.dicot,native,1,1,1
Senna pendula,Fabaceae,3.dicot,introduced,,1,
Senna septemtrionalis,Fabaceae,3.dicot,introduced,,1,
Sphaerolobium minus,Fabaceae,3.dicot,native,1,1,1
Sphaerolobium vimineum,Fabaceae,3.dicot,native,1,1,1
Swainsona reticulata,Fabaceae,3.dicot,native,,,
Tephrosia grandiflora,Fabaceae,3.dicot,introduced,1,,
Trifolium campestre,Fabaceae,3.dicot,introduced,1,,
Trifolium dubium,Fabaceae,3.dicot,introduced,,,
Trifolium repens,Fabaceae,3.dicot,introduced,,,
Vicia sativa,Fabaceae,3.dicot,introduced,1,,1
Vicia tetrasperma,Fabaceae,3.dicot,introduced,1,,1
Viminaria juncea,Fabaceae,3.dicot,native,1,1,1
Zornia dyctiocarpa ,Fabaceae,3.dicot,native,,,
Melianthus major,Francoaceae,3.dicot,introduced,1,,1
Centaurium erythraea,Gentianaceae,3.dicot,introduced,,,
Centaurium tenuiflorum,Gentianaceae,3.dicot,introduced,,1,
Geranium homeanum,Geraniaceae,3.dicot,native,,,
Geranium potentilloides,Geraniaceae,3.dicot,native,1,,1
Geranium solanderi,Geraniaceae,3.dicot,native,1,,
Pelargonium australe,Geraniaceae,3.dicot,native,,1,
Pelargonium capitatum,Geraniaceae,3.dicot,introduced,,1,
Pelargonium inodorum,Geraniaceae,3.dicot,native,1,,1
Coopernookia barbata,Goodeniaceae,3.dicot,native,1,,1
Dampiera purpurea,Goodeniaceae,3.dicot,native,1,1,1
Dampiera stricta,Goodeniaceae,3.dicot,native,1,1,1
Goodenia bellidifolia,Goodeniaceae,3.dicot,native,1,,1
Goodenia caroliniana,Goodeniaceae,3.dicot,native,1,,1
Goodenia dimorpha,Goodeniaceae,3.dicot,native,1,1,1
Goodenia hederacea,Goodeniaceae,3.dicot,native,,1,
Goodenia heterophylla,Goodeniaceae,3.dicot,native,1,1,1
Goodenia ovata,Goodeniaceae,3.dicot,native,1,1,1
Goodenia paniculata,Goodeniaceae,3.dicot,native,1,,1
Goodenia radicans,Goodeniaceae,3.dicot,native,,,
Goodenia stelligera,Goodeniaceae,3.dicot,native,1,,1
Scaevola calendulacea,Goodeniaceae,3.dicot,native,1,1,1
Scaevola ramosissima,Goodeniaceae,3.dicot,native,1,1,1
Gonocarpus micranthus,Haloragaceae,3.dicot,native,1,1,1
Gonocarpus salsoloides,Haloragaceae,3.dicot,native,1,,1
Gonocarpus tetragynus,Haloragaceae,3.dicot,native,1,,1
Gonocarpus teucrioides,Haloragaceae,3.dicot,native,1,1,
Myriophyllum gracile,Haloragaceae,3.dicot,native,1,,1
Myriophyllum variifolium,Haloragaceae,3.dicot,native,1,,1
Hypericum gramineum,Hypericaceae,3.dicot,native,,1,
Ajuga australis,Lamiaceae,3.dicot,native,1,,1
Chloanthes stoechadis,Lamiaceae,3.dicot,native,1,1,1
Clerodendrum tomentosum,Lamiaceae,3.dicot,native,1,1,1
Coleus australis,Lamiaceae,3.dicot,native,1,1,1
Gmelina leichhardtii,Lamiaceae,3.dicot,native,1,,1
Hemigenia purpurea,Lamiaceae,3.dicot,native,1,1,1
Leonotis leonurus,Lamiaceae,3.dicot,introduced,,1,
Mentha × piperita,Lamiaceae,3.dicot,introduced,1,,
Mentha satureioides,Lamiaceae,3.dicot,native,1,,
Prostanthera densa,Lamiaceae,3.dicot,native,1,,1
Prostanthera denticulata,Lamiaceae,3.dicot,native,1,1,1
Prostanthera incisa,Lamiaceae,3.dicot,native,1,1,1
Prostanthera lasianthos,Lamiaceae,3.dicot,native,1,,1
Prostanthera linearis,Lamiaceae,3.dicot,native,1,1,1
Prostanthera ovalifolia,Lamiaceae,3.dicot,native,,,
Prostanthera scutellarioides,Lamiaceae,3.dicot,native,,,
Prostanthera violacea,Lamiaceae,3.dicot,native,1,,1
Prunella vulgaris,Lamiaceae,3.dicot,introduced,1,1,1
Stachys arvensis,Lamiaceae,3.dicot,introduced,1,,1
Teucrium corymbosum,Lamiaceae,3.dicot,native,1,,
Westringia fruticosa,Lamiaceae,3.dicot,native,1,1,1
Cassytha glabella,Lauraceae,3.dicot,native,,1,
Cassytha melantha,Lauraceae,3.dicot,native,1,,1
Cassytha paniculata,Lauraceae,3.dicot,native,1,,1
Cassytha pubescens,Lauraceae,3.dicot,native,1,1,1
Cinnamomum camphora,Lauraceae,3.dicot,introduced,,,
Cryptocarya glaucescens,Lauraceae,3.dicot,native,1,,1
Cryptocarya microneura,Lauraceae,3.dicot,native,1,,1
Endiandra sieberi,Lauraceae,3.dicot,native,1,,1
Litsea reticulata,Lauraceae,3.dicot,native,1,,1
Neolitsea dealbata,Lauraceae,3.dicot,native,,,
Utricularia australis,Lentibulariaceae,3.dicot,native,1,1,1
Utricularia biloba,Lentibulariaceae,3.dicot,native,1,,1
Utricularia gibba,Lentibulariaceae,3.dicot,native,1,,1
Utricularia lateriflora,Lentibulariaceae,3.dicot,native,1,1,1
Utricularia oppositiflora,Lentibulariaceae,3.dicot,native,1,,
Utricularia speciosa,Lentibulariaceae,3.dicot,native,1,1,
Utricularia subulata,Lentibulariaceae,3.dicot,introduced,1,1,
Utricularia uliginosa,Lentibulariaceae,3.dicot,native,1,1,1
Utricularia uniflora,Lentibulariaceae,3.dicot,native,1,1,
Linum trigynum,Linaceae,3.dicot,introduced,1,1,
Logania albiflora,Loganiaceae,3.dicot,native,1,1,1
Mitrasacme paludosa,Loganiaceae,3.dicot,native,1,,1
Mitrasacme pilosa ,Loganiaceae,3.dicot,native,,,
Mitrasacme polymorpha,Loganiaceae,3.dicot,native,1,1,1
Orianthera pusilla,Loganiaceae,3.dicot,native,,1,
Amyema congener,Loranthaceae,3.dicot,native,1,1,1
Amyema pendula,Loranthaceae,3.dicot,native,1,,1
Amylotheca dictyophleba,Loranthaceae,3.dicot,native,1,,1
Dendrophthoe vitellina,Loranthaceae,3.dicot,native,,1,
Muellerina celastroides,Loranthaceae,3.dicot,native,1,1,1
Muellerina eucalyptoides,Loranthaceae,3.dicot,native,1,,1
Lythrum hyssopifolia,Lythraceae,3.dicot,native,,,
Brachychiton acerifolius,Malvaceae,3.dicot,native,,1,
Commersonia dasyphylla,Malvaceae,3.dicot,native,1,,1
Commersonia hermanniifolia,Malvaceae,3.dicot,native,1,1,1
Hibiscus richardsonii,Malvaceae,3.dicot,native,1,,1
Lasiopetalum ferrugineum,Malvaceae,3.dicot,native,1,1,1
Lasiopetalum parviflorum,Malvaceae,3.dicot,native,1,,
Lasiopetalum rufum,Malvaceae,3.dicot,native,1,1,1
Modiola caroliniana,Malvaceae,3.dicot,introduced,,1,
Pavonia hastata,Malvaceae,3.dicot,introduced,,,
Sida rhombifolia,Malvaceae,3.dicot,introduced,,1,
Pleroma urvilleanum,Melastomataceae,3.dicot,introduced,,1,
Melia azedarach,Meliaceae,3.dicot,native,,,
Synoum glandulosum,Meliaceae,3.dicot,native,1,1,1
Toona ciliata,Meliaceae,3.dicot,native,1,1,1
Legnephora moorei,Menispermaceae,3.dicot,native,1,,1
Sarcopetalum harveyanum,Menispermaceae,3.dicot,native,1,1,1
Stephania japonica,Menispermaceae,3.dicot,native,1,1,1
Liparophyllum exaltatum,Menyanthaceae,3.dicot,native,,,
Hedycarya angustifolia,Monimiaceae,3.dicot,native,1,,1
Palmeria racemosa,Monimiaceae,3.dicot,native,1,1,1
Wilkiea hugeliana,Monimiaceae,3.dicot,native,1,,1
Ficus coronata,Moraceae,3.dicot,native,1,1,1
Ficus henneana,Moraceae,3.dicot,native,1,,1
Ficus obliqua ,Moraceae,3.dicot,native,,,
Ficus rubiginosa,Moraceae,3.dicot,native,1,1,1
Maclura cochinchinensis,Moraceae,3.dicot,native,,,
Malaisia scandens,Moraceae,3.dicot,native,1,1,1
Ensete ventricosum,Musaceae,3.dicot,introduced,,1,
Angophora bakeri,Myrtaceae,3.dicot,native,,,
Angophora costata,Myrtaceae,3.dicot,native,1,1,1
Angophora hispida,Myrtaceae,3.dicot,native,1,1,1
Austromyrtus tenuifolia,Myrtaceae,3.dicot,native,1,1,1
Backhousia leptopetala,Myrtaceae,3.dicot,native,1,,1
Backhousia myrtifolia,Myrtaceae,3.dicot,native,1,1,1
Baeckea diosmifolia,Myrtaceae,3.dicot,native,1,,1
Baeckea imbricata,Myrtaceae,3.dicot,native,1,1,1
Baeckea linifolia,Myrtaceae,3.dicot,native,1,1,1
Calytrix tetragona,Myrtaceae,3.dicot,native,1,1,1
Corymbia gummifera,Myrtaceae,3.dicot,native,1,1,1
Darwinia diminuta,Myrtaceae,3.dicot,native,1,1,1
Darwinia fascicularis,Myrtaceae,3.dicot,native,1,1,1
Darwinia grandiflora,Myrtaceae,3.dicot,native,1,1,1
Eucalyptus agglomerata,Myrtaceae,3.dicot,native,1,,
Eucalyptus apiculata,Myrtaceae,3.dicot,native,1,,1
Eucalyptus botryoides,Myrtaceae,3.dicot,native,1,1,1
Eucalyptus burgessiana,Myrtaceae,3.dicot,native,1,1,1
Eucalyptus camfieldii,Myrtaceae,3.dicot,native,1,1,1
Eucalyptus capitellata,Myrtaceae,3.dicot,native,1,,1
Eucalyptus consideniana,Myrtaceae,3.dicot,native,1,,1
Eucalyptus eugenioides,Myrtaceae,3.dicot,native,1,,1
Eucalyptus globoidea,Myrtaceae,3.dicot,native,1,1,1
Eucalyptus haemastoma,Myrtaceae,3.dicot,native,1,1,1
Eucalyptus luehmanniana,Myrtaceae,3.dicot,native,1,1,1
Eucalyptus multicaulis,Myrtaceae,3.dicot,native,1,1,1
Eucalyptus oblonga,Myrtaceae,3.dicot,native,1,1,1
Eucalyptus paniculata,Myrtaceae,3.dicot,native,1,1,1
Eucalyptus pilularis,Myrtaceae,3.dicot,native,1,1,1
Eucalyptus piperita,Myrtaceae,3.dicot,native,1,1,1
Eucalyptus punctata,Myrtaceae,3.dicot,native,1,1,1
Eucalyptus racemosa,Myrtaceae,3.dicot,native,1,1,1
Eucalyptus resinifera,Myrtaceae,3.dicot,native,1,,1
Eucalyptus robusta,Myrtaceae,3.dicot,native,1,,
Eucalyptus saligna,Myrtaceae,3.dicot,native,1,,1
Eucalyptus scias,Myrtaceae,3.dicot,native,1,,1
Eucalyptus sieberi,Myrtaceae,3.dicot,native,1,1,1
Eucalyptus squamosa,Myrtaceae,3.dicot,native,1,,1
Eucalyptus stricta,Myrtaceae,3.dicot,native,1,,1
Eucalyptus tereticornis,Myrtaceae,3.dicot,native,1,,1
Euryomyrtus ramosissima,Myrtaceae,3.dicot,native,1,1,1
Gaudium laevigatum,Myrtaceae,3.dicot,native,1,1,1
Gaudium parvifolium,Myrtaceae,3.dicot,native,1,,1
Gaudium trinervium,Myrtaceae,3.dicot,native,1,1,1
Harmogia densifolia,Myrtaceae,3.dicot,native,1,1,1
Kunzea ambigua,Myrtaceae,3.dicot,native,1,1,1
Kunzea capitata,Myrtaceae,3.dicot,native,1,1,1
Leptospermum arachnoides,Myrtaceae,3.dicot,native,1,1,1
Leptospermum continentale,Myrtaceae,3.dicot,native,1,,1
Leptospermum grandifolium,Myrtaceae,3.dicot,native,1,1,1
Leptospermum juniperinum,Myrtaceae,3.dicot,native,1,,1
Leptospermum morrisonii,Myrtaceae,3.dicot,native,1,,1
Leptospermum polygalifolium,Myrtaceae,3.dicot,native,1,,1
Leptospermum squarrosum,Myrtaceae,3.dicot,native,1,1,1
Lophostemon confertus,Myrtaceae,3.dicot,introduced,1,,1
Melaleuca armillaris,Myrtaceae,3.dicot,native,1,1,1
Melaleuca citrina,Myrtaceae,3.dicot,native,1,1,1
Melaleuca deanei,Myrtaceae,3.dicot,native,1,,1
Melaleuca ericifolia,Myrtaceae,3.dicot,native,,,
Melaleuca hypericifolia,Myrtaceae,3.dicot,native,1,1,1
Melaleuca linariifolia,Myrtaceae,3.dicot,native,1,,
Melaleuca linearifolia,Myrtaceae,3.dicot,native,1,,
Melaleuca linearis,Myrtaceae,3.dicot,native,1,1,1
Melaleuca nodosa,Myrtaceae,3.dicot,native,1,1,1
Melaleuca salicina,Myrtaceae,3.dicot,native,,,
Melaleuca squamea,Myrtaceae,3.dicot,native,1,1,1
Melaleuca squarrosa,Myrtaceae,3.dicot,native,1,,1
Melaleuca styphelioides,Myrtaceae,3.dicot,native,,1,
Melaleuca subulata,Myrtaceae,3.dicot,native,,,
Melaleuca thymifolia,Myrtaceae,3.dicot,native,1,1,1
Micromyrtus ciliata,Myrtaceae,3.dicot,native,1,,1
Rhodamnia rubescens,Myrtaceae,3.dicot,native,1,1,1
Syncarpia glomulifera,Myrtaceae,3.dicot,native,1,1,1
Syzygium australe,Myrtaceae,3.dicot,native,1,,1
Syzygium oleosum,Myrtaceae,3.dicot,native,1,,1
Syzygium smithii,Myrtaceae,3.dicot,native,1,1,1
Tristania neriifolia,Myrtaceae,3.dicot,native,1,1,1
Tristaniopsis collina,Myrtaceae,3.dicot,native,,,
Tristaniopsis laurina,Myrtaceae,3.dicot,native,1,1,1
Ceodes umbellifera,Nyctaginaceae,3.dicot,native,1,,1
Nymphaea alba,Nymphaeaceae,3.dicot,introduced,,1,
Nymphaea mexicana,Nymphaeaceae,3.dicot,introduced,,,
Nymphaea nouchali,Nymphaeaceae,3.dicot,introduced,1,,1
Ochna serrulata,Ochnaceae,3.dicot,introduced,,1,
Olax stricta,Olacaceae,3.dicot,native,1,1,1
Ligustrum lucidum,Oleaceae,3.dicot,introduced,,,
Ligustrum sinense,Oleaceae,3.dicot,introduced,,1,
Notelaea longifolia,Oleaceae,3.dicot,native,1,1,1
Notelaea ovata,Oleaceae,3.dicot,native,,,
Notelaea venosa,Oleaceae,3.dicot,native,1,1,1
Olea europaea,Oleaceae,3.dicot,introduced,,1,
Epilobium billardiereanum,Onagraceae,3.dicot,native,1,,1
Epilobium hirtigerum,Onagraceae,3.dicot,native,1,,1
Ludwigia peploides,Onagraceae,3.dicot,native,,1,
Ludwigia peruviana,Onagraceae,3.dicot,introduced,,,
Oxalis chnoodes,Oxalidaceae,3.dicot,native,1,,1
Oxalis corniculata,Oxalidaceae,3.dicot,introduced,1,,1
Oxalis debilis,Oxalidaceae,3.dicot,introduced,,1,
Oxalis exilis,Oxalidaceae,3.dicot,native,,,
Oxalis incarnata,Oxalidaceae,3.dicot,introduced,,1,
Oxalis perennans,Oxalidaceae,3.dicot,native,1,,
Oxalis purpurea,Oxalidaceae,3.dicot,introduced,1,,1
Oxalis thompsoniae,Oxalidaceae,3.dicot,native,1,,
Quintinia sieberi,Paracryphiaceae,3.dicot,native,,,
Passiflora cinnabarina,Passifloraceae,3.dicot,native,,,
Passiflora edulis,Passifloraceae,3.dicot,introduced,1,,1
Passiflora herbertiana,Passifloraceae,3.dicot,native,1,1,1
Passiflora subpeltata,Passifloraceae,3.dicot,introduced,1,1,1
Pennantia cunninghamii,Pennantiaceae,3.dicot,native,1,,1
Breynia oblongifolia,Phyllanthaceae,3.dicot,native,1,1,1
Glochidion ferdinandi,Phyllanthaceae,3.dicot,native,1,1,1
Phyllanthus gunnii,Phyllanthaceae,3.dicot,native,1,1,1
Phyllanthus hirtellus,Phyllanthaceae,3.dicot,native,1,1,1
Poranthera corymbosa,Phyllanthaceae,3.dicot,native,1,1,1
Poranthera ericifolia,Phyllanthaceae,3.dicot,native,1,1,1
Poranthera microphylla,Phyllanthaceae,3.dicot,native,1,,1
Phytolacca octandra,Phytolaccaceae,3.dicot,introduced,1,1,
Micrantheum ericoides,Picrodendraceae,3.dicot,native,1,1,1
Peperomia leptostachya ,Piperaceae,3.dicot,native,1,,1
Peperomia tetraphylla,Piperaceae,3.dicot,native,,,
Piper hederaceum,Piperaceae,3.dicot,native,1,,1
Billardiera mutabilis,Pittosporaceae,3.dicot,native,,1,
Billardiera scandens,Pittosporaceae,3.dicot,native,1,1,1
Bursaria spinosa,Pittosporaceae,3.dicot,native,,1,
Pittosporum multiflorum,Pittosporaceae,3.dicot,native,1,1,1
Pittosporum revolutum,Pittosporaceae,3.dicot,native,1,1,1
Pittosporum undulatum,Pittosporaceae,3.dicot,native,1,1,
Rhytidosporum procumbens,Pittosporaceae,3.dicot,native,1,1,1
Bacopa monnieri,Plantaginaceae,3.dicot,native,1,,1
Callitriche muelleri,Plantaginaceae,3.dicot,native,,,
Callitriche stagnalis,Plantaginaceae,3.dicot,introduced,1,,1
Gratiola pedunculata,Plantaginaceae,3.dicot,native,,1,
Gratiola pubescens,Plantaginaceae,3.dicot,native,1,,1
Plantago coronopus,Plantaginaceae,3.dicot,introduced,1,,1
Plantago debilis,Plantaginaceae,3.dicot,native,1,,1
Plantago hispida,Plantaginaceae,3.dicot,native,1,,1
Plantago lanceolata,Plantaginaceae,3.dicot,introduced,,,
Plantago major,Plantaginaceae,3.dicot,introduced,,,
Plantago varia,Plantaginaceae,3.dicot,native,1,,1
Veronica anagallis-aquatica,Plantaginaceae,3.dicot,introduced,,1,
Veronica calycina,Plantaginaceae,3.dicot,native,,,
Veronica plebeia,Plantaginaceae,3.dicot,native,1,,1
Comesperma defoliatum,Polygalaceae,3.dicot,native,1,,
Comesperma ericinum,Polygalaceae,3.dicot,native,1,1,1
Comesperma retusum,Polygalaceae,3.dicot,native,,,
Comesperma sphaerocarpum,Polygalaceae,3.dicot,native,,1,
Comesperma volubile,Polygalaceae,3.dicot,native,1,1,1
Polygala myrtifolia,Polygalaceae,3.dicot,introduced,1,1,
Polygala virgata,Polygalaceae,3.dicot,introduced,1,1,1
Muehlenbeckia gracillima,Polygonaceae,3.dicot,native,1,,1
Persicaria capitata,Polygonaceae,3.dicot,introduced,1,1,1
Persicaria decipiens,Polygonaceae,3.dicot,native,1,,1
Persicaria hydropiper,Polygonaceae,3.dicot,native,1,,1
Persicaria prostrata ,Polygonaceae,3.dicot,native,1,,1
Persicaria strigosa,Polygonaceae,3.dicot,native,1,,1
Rumex brownii,Polygonaceae,3.dicot,native,,,
Rumex crispus,Polygonaceae,3.dicot,introduced,,,
Rumex sagittatus,Polygonaceae,3.dicot,introduced,1,1,1
Rumex tenax,Polygonaceae,3.dicot,native,1,,1
Aegiceras corniculatum,Primulaceae,3.dicot,native,1,1,1
Lysimachia arvensis,Primulaceae,3.dicot,introduced,,1,
Myrsine howittiana,Primulaceae,3.dicot,native,1,1,1
Myrsine variabilis,Primulaceae,3.dicot,native,1,1,1
Samolus repens,Primulaceae,3.dicot,native,1,1,1
Banksia ericifolia,Proteaceae,3.dicot,native,1,1,1
Banksia integrifolia,Proteaceae,3.dicot,native,1,1,1
Banksia marginata,Proteaceae,3.dicot,native,1,1,1
Banksia oblongifolia,Proteaceae,3.dicot,native,1,1,1
Banksia paludosa,Proteaceae,3.dicot,native,1,,1
Banksia robur,Proteaceae,3.dicot,native,1,1,1
Banksia serrata,Proteaceae,3.dicot,native,1,1,1
Banksia spinulosa,Proteaceae,3.dicot,native,1,1,1
Conospermum ellipticum,Proteaceae,3.dicot,native,1,1,1
Conospermum longifolium,Proteaceae,3.dicot,native,1,1,1
Conospermum taxifolium,Proteaceae,3.dicot,native,1,,1
Conospermum tenuifolium,Proteaceae,3.dicot,native,1,1,1
Grevillea banksii,Proteaceae,3.dicot,introduced,1,,1
Grevillea buxifolia,Proteaceae,3.dicot,native,1,1,1
Grevillea capitellata,Proteaceae,3.dicot,native,1,,1
Grevillea diffusa,Proteaceae,3.dicot,native,1,1,1
Grevillea linearifolia,Proteaceae,3.dicot,native,1,,1
Grevillea longifolia,Proteaceae,3.dicot,native,1,1,1
Grevillea mucronulata,Proteaceae,3.dicot,native,1,1,1
Grevillea oleoides,Proteaceae,3.dicot,native,1,1,1
Grevillea parviflora,Proteaceae,3.dicot,native,1,,1
Grevillea patulifolia,Proteaceae,3.dicot,native,1,,1
Grevillea sericea,Proteaceae,3.dicot,native,1,1,1
Grevillea speciosa,Proteaceae,3.dicot,native,1,1,1
Grevillea sphacelata,Proteaceae,3.dicot,native,1,1,1
Hakea dactyloides,Proteaceae,3.dicot,native,1,1,1
Hakea gibbosa,Proteaceae,3.dicot,native,1,1,1
Hakea laevipes,Proteaceae,3.dicot,native,1,1,1
Hakea propinqua,Proteaceae,3.dicot,native,1,1,1
Hakea salicifolia,Proteaceae,3.dicot,native,1,1,1
Hakea sericea,Proteaceae,3.dicot,native,1,1,1
Hakea teretifolia,Proteaceae,3.dicot,native,1,1,1
Isopogon anemonifolius,Proteaceae,3.dicot,native,1,1,1
Isopogon anethifolius,Proteaceae,3.dicot,native,1,1,1
Lambertia formosa,Proteaceae,3.dicot,native,1,1,1
Lomatia myricoides,Proteaceae,3.dicot,native,1,1,1
Lomatia silaifolia,Proteaceae,3.dicot,native,1,1,1
Persoonia hirsuta,Proteaceae,3.dicot,native,1,,1
Persoonia lanceolata,Proteaceae,3.dicot,native,1,1,1
Persoonia laurina,Proteaceae,3.dicot,native,1,1,1
Persoonia levis,Proteaceae,3.dicot,native,1,1,1
Persoonia linearis,Proteaceae,3.dicot,native,1,1,1
Persoonia mollis,Proteaceae,3.dicot,native,,,
Persoonia pinifolia,Proteaceae,3.dicot,native,1,1,1
Petrophile pulchella,Proteaceae,3.dicot,native,1,1,1
Petrophile sessilis,Proteaceae,3.dicot,native,1,1,1
Stenocarpus salignus,Proteaceae,3.dicot,native,1,1,1
Symphionema paludosum,Proteaceae,3.dicot,native,1,,1
Telopea speciosissima,Proteaceae,3.dicot,native,1,1,1
Xylomelum pyriforme,Proteaceae,3.dicot,native,1,1,1
Clematis aristata,Ranunculaceae,3.dicot,native,1,1,1
Clematis glycinoides,Ranunculaceae,3.dicot,native,1,,1
Ranunculus inundatus,Ranunculaceae,3.dicot,native,1,1,1
Ranunculus lappaceus,Ranunculaceae,3.dicot,native,1,,1
Ranunculus muricatus,Ranunculaceae,3.dicot,introduced,1,,1
Ranunculus repens,Ranunculaceae,3.dicot,introduced,,1,
Alphitonia excelsa,Rhamnaceae,3.dicot,native,1,1,1
Cryptandra amara,Rhamnaceae,3.dicot,native,1,1,1
Cryptandra ericoides,Rhamnaceae,3.dicot,native,1,1,1
Emmenosperma alphitonioides,Rhamnaceae,3.dicot,native,1,,1
Pomaderris andromedifolia,Rhamnaceae,3.dicot,native,1,,1
Pomaderris discolor,Rhamnaceae,3.dicot,native,1,,1
Pomaderris elliptica,Rhamnaceae,3.dicot,native,1,,1
Pomaderris ferruginea,Rhamnaceae,3.dicot,native,1,,1
Pomaderris intermedia,Rhamnaceae,3.dicot,native,1,,1
Pomaderris lanigera,Rhamnaceae,3.dicot,native,1,,1
Pomaderris ledifolia,Rhamnaceae,3.dicot,native,1,,1
Pomaderris ligustrina,Rhamnaceae,3.dicot,native,1,,1
Cotoneaster glaucophyllus,Rosaceae,3.dicot,introduced,,,
Pyracantha angustifolia,Rosaceae,3.dicot,introduced,,1,
Rubus moluccanus,Rosaceae,3.dicot,native,,1,
Rubus nebulosus,Rosaceae,3.dicot,native,1,,1
Rubus parvifolius,Rosaceae,3.dicot,native,,1,
Rubus rosifolius,Rosaceae,3.dicot,native,1,1,1
Abrophyllum ornans,Rousseaceae,3.dicot,native,1,,1
Coprosma quadrifida,Rubiaceae,3.dicot,native,,,
Coprosma repens,Rubiaceae,3.dicot,introduced,,,
Cyclophyllum longipetalum,Rubiaceae,3.dicot,native,1,,1
Galium binifolium ,Rubiaceae,3.dicot,native,,,
Galium gaudichaudii,Rubiaceae,3.dicot,native,,,
Galium leiocarpum,Rubiaceae,3.dicot,native,,,
Galium propinquum,Rubiaceae,3.dicot,native,,,
Gynochthodes jasminoides,Rubiaceae,3.dicot,native,1,1,1
Opercularia aspera,Rubiaceae,3.dicot,native,1,,1
Opercularia diphylla,Rubiaceae,3.dicot,native,1,1,
Opercularia hispida,Rubiaceae,3.dicot,native,1,,1
Opercularia varia,Rubiaceae,3.dicot,native,1,,1
Pomax umbellata,Rubiaceae,3.dicot,native,,1,
Psychotria loniceroides,Rubiaceae,3.dicot,native,1,1,1
Richardia humistrata,Rubiaceae,3.dicot,introduced,,1,
Richardia stellaris,Rubiaceae,3.dicot,introduced,,1,
Acronychia oblongifolia,Rutaceae,3.dicot,native,1,,1
Boronia barkeriana,Rutaceae,3.dicot,native,1,,1
Boronia floribunda,Rutaceae,3.dicot,native,1,1,1
Boronia ledifolia,Rutaceae,3.dicot,native,1,1,1
Boronia parviflora,Rutaceae,3.dicot,native,,1,
Boronia pinnata,Rutaceae,3.dicot,native,1,1,1
Boronia serrulata,Rutaceae,3.dicot,native,1,1,1
Boronia thujona,Rutaceae,3.dicot,native,1,1,1
Correa alba ,Rutaceae,3.dicot,native,,,
Correa reflexa,Rutaceae,3.dicot,native,1,1,1
Crowea saligna,Rutaceae,3.dicot,native,1,1,1
Cyanothamnus rigens,Rutaceae,3.dicot,native,1,,1
Eriostemon australasius,Rutaceae,3.dicot,native,1,1,1
Leionema dentatum,Rutaceae,3.dicot,native,1,1,1
Leionema diosmeum,Rutaceae,3.dicot,native,1,1,1
Melicope micrococca,Rutaceae,3.dicot,native,,1,
Nematolepis squamea,Rutaceae,3.dicot,native,1,1,1
Phebalium squamulosum,Rutaceae,3.dicot,native,1,1,1
Philotheca buxifolia,Rutaceae,3.dicot,native,1,1,1
Philotheca hispidula,Rutaceae,3.dicot,native,,1,
Philotheca reichenbachii,Rutaceae,3.dicot,native,1,1,1
Philotheca salsolifolia,Rutaceae,3.dicot,native,1,1,1
Philotheca scabra,Rutaceae,3.dicot,native,1,1,1
Zieria compacta,Rutaceae,3.dicot,native,1,,1
Zieria laevigata,Rutaceae,3.dicot,native,1,1,1
Zieria pilosa,Rutaceae,3.dicot,native,1,1,1
Zieria smithii,Rutaceae,3.dicot,native,1,1,1
Populus alba,Salicaceae,3.dicot,introduced,1,,1
Scolopia braunii,Salicaceae,3.dicot,native,1,,1
Choretrum candollei,Santalaceae,3.dicot,native,1,,1
Exocarpos cupressiformis,Santalaceae,3.dicot,native,,1,
Exocarpos strictus,Santalaceae,3.dicot,native,,,
Korthalsella rubra ,Santalaceae,3.dicot,native,,,
Leptomeria acida,Santalaceae,3.dicot,native,1,1,1
Notothixos subaureus,Santalaceae,3.dicot,native,1,,1
Omphacomeria acerba,Santalaceae,3.dicot,native,,1,
Santalum obtusifolium,Santalaceae,3.dicot,native,1,1,1
Alectryon subcinereus,Sapindaceae,3.dicot,native,1,,1
Cupaniopsis anacardioides,Sapindaceae,3.dicot,native,1,1,1
Diploglottis australis,Sapindaceae,3.dicot,native,1,1,1
Dodonaea camfieldii,Sapindaceae,3.dicot,native,1,,1
Dodonaea triquetra,Sapindaceae,3.dicot,native,1,1,1
Dodonaea viscosa,Sapindaceae,3.dicot,native,,,
Guioa semiglauca,Sapindaceae,3.dicot,native,1,,1
Planchonella australis,Sapotaceae,3.dicot,native,1,1,1
Euphrasia collina,Scrophulariaceae,3.dicot,native,1,,1
Myoporum acuminatum,Scrophulariaceae,3.dicot,native,1,,1
Myoporum boninense ,Scrophulariaceae,3.dicot,native,,,
Cestrum aurantiacum,Solanaceae,3.dicot,native,,,
Cestrum nocturnum,Solanaceae,3.dicot,introduced,1,,
Cestrum parqui,Solanaceae,3.dicot,introduced,1,1,1
Datura stramonium,Solanaceae,3.dicot,introduced,,1,
Duboisia myoporoides,Solanaceae,3.dicot,native,1,1,1
Lycium ferocissimum,Solanaceae,3.dicot,introduced,,,
Nicotiana forsteri,Solanaceae,3.dicot,native,1,,1
Physalis peruviana,Solanaceae,3.dicot,introduced,1,,1
Solanum americanum,Solanaceae,3.dicot,introduced,,,
Solanum aviculare,Solanaceae,3.dicot,native,,,
Solanum betaceum ,Solanaceae,3.dicot,introduced,,,
Solanum chenopodioides,Solanaceae,3.dicot,introduced,1,,1
Solanum linnaeanum,Solanaceae,3.dicot,introduced,1,1,
Solanum lycopersicum,Solanaceae,3.dicot,introduced,,1,
Solanum mauritianum,Solanaceae,3.dicot,introduced,,1,
Solanum nigrum,Solanaceae,3.dicot,native,,,
Solanum prinophyllum,Solanaceae,3.dicot,native,,1,
Solanum pseudocapsicum,Solanaceae,3.dicot,introduced,,,
Solanum pungetium,Solanaceae,3.dicot,native,1,,1
Solanum sisymbriifolium,Solanaceae,3.dicot,introduced,,1,
Solanum stelligerum,Solanaceae,3.dicot,native,1,1,1
Solanum vescum,Solanaceae,3.dicot,native,1,1,1
Stylidium graminifolium,Stylidiaceae,3.dicot,native,1,1,1
Stylidium laricifolium,Stylidiaceae,3.dicot,native,1,1,1
Stylidium lineare,Stylidiaceae,3.dicot,native,1,1,1
Stylidium productum,Stylidiaceae,3.dicot,native,1,1,1
Symplocos stawellii,Symplocaceae,3.dicot,native,1,,1
Symplocos thwaitesii,Symplocaceae,3.dicot,native,1,,1
Pimelea ligustrina,Thymelaeaceae,3.dicot,native,1,1,1
Pimelea linifolia,Thymelaeaceae,3.dicot,native,1,1,1
Tropaeolum majus,Tropaeolaceae,3.dicot,introduced,1,,1
Dendrocnide excelsa,Urticaceae,3.dicot,native,1,,1
Parietaria judaica,Urticaceae,3.dicot,introduced,,1,
Urtica incisa,Urticaceae,3.dicot,native,1,,1
Lantana camara,Verbenaceae,3.dicot,introduced,,1,
Lantana montevidensis,Verbenaceae,3.dicot,introduced,,1,
Verbena bonariensis,Verbenaceae,3.dicot,introduced,1,1,
Verbena brasiliensis,Verbenaceae,3.dicot,introduced,,,
Verbena incompta,Verbenaceae,3.dicot,introduced,1,,
Verbena litoralis,Verbenaceae,3.dicot,introduced,1,,
Sambucus australasica,Viburnaceae,3.dicot,native,1,,1
Melicytus dentatus,Violaceae,3.dicot,native,1,,1
Pigea monopetala,Violaceae,3.dicot,native,1,1,1
Pigea vernonii,Violaceae,3.dicot,native,1,1,1
Viola banksii,Violaceae,3.dicot,native,1,1,
Viola betonicifolia,Violaceae,3.dicot,native,,1,
Viola hederacea,Violaceae,3.dicot,native,1,1,1
Viola sieberiana,Violaceae,3.dicot,native,1,1,1
Viola silicestris,Violaceae,3.dicot,native,1,1,
Apocissus antarctica,Vitaceae,3.dicot,native,1,1,1
Apocissus hypoglauca,Vitaceae,3.dicot,native,1,1,1
Apocissus sterculiifolia,Vitaceae,3.dicot,native,,,
Causonis clematidea,Vitaceae,3.dicot,native,1,1,1
Tasmannia insipida,Winteraceae,3.dicot,native,1,,1
Hedychium gardnerianum,Zingiberaceae,3.dicot,introduced,1,,
Anthelepis paludosa,Cyperaceae,4.monocot-graminoid,native,1,,1
Carex appressa,Cyperaceae,4.monocot-graminoid,native,1,,1
Carex breviculmis,Cyperaceae,4.monocot-graminoid,native,1,,1
Carex brunnea,Cyperaceae,4.monocot-graminoid,native,1,,1
Carex declinata,Cyperaceae,4.monocot-graminoid,native,1,,1
Carex fascicularis,Cyperaceae,4.monocot-graminoid,native,,,
Carex inversa,Cyperaceae,4.monocot-graminoid,native,,,
Carex pumila,Cyperaceae,4.monocot-graminoid,native,1,,1
Caustis flexuosa,Cyperaceae,4.monocot-graminoid,native,1,1,1
Caustis pentandra,Cyperaceae,4.monocot-graminoid,native,1,1,1
Caustis recurvata,Cyperaceae,4.monocot-graminoid,native,1,1,1
Chorizandra cymbaria,Cyperaceae,4.monocot-graminoid,native,1,,1
Chorizandra sphaerocephala,Cyperaceae,4.monocot-graminoid,native,1,,1
Cladium procerum,Cyperaceae,4.monocot-graminoid,native,1,,1
Cyathochaeta diandra,Cyperaceae,4.monocot-graminoid,native,1,,1
Cyperus brevifolius,Cyperaceae,4.monocot-graminoid,introduced,1,,1
Cyperus cyperoides,Cyperaceae,4.monocot-graminoid,native,1,,1
Cyperus enervis,Cyperaceae,4.monocot-graminoid,native,1,,
Cyperus eragrostis,Cyperaceae,4.monocot-graminoid,introduced,,1,
Cyperus gracilis,Cyperaceae,4.monocot-graminoid,native,1,,1
Cyperus imbecillis,Cyperaceae,4.monocot-graminoid,native,1,,1
Cyperus laevigatus,Cyperaceae,4.monocot-graminoid,native,,,
Cyperus laevis,Cyperaceae,4.monocot-graminoid,native,1,,1
Cyperus mirus,Cyperaceae,4.monocot-graminoid,native,1,,1
Cyperus polystachyos,Cyperaceae,4.monocot-graminoid,native,1,,1
Cyperus reflexus,Cyperaceae,4.monocot-graminoid,introduced,1,,
Cyperus sanguinolentus,Cyperaceae,4.monocot-graminoid,native,1,,1
Cyperus sesquiflorus,Cyperaceae,4.monocot-graminoid,introduced,1,1,1
Cyperus sphaeroideus,Cyperaceae,4.monocot-graminoid,native,1,,1
Cyperus tetraphyllus,Cyperaceae,4.monocot-graminoid,native,1,,1
Cyperus trinervis,Cyperaceae,4.monocot-graminoid,native,1,,1
Eleocharis gracilis,Cyperaceae,4.monocot-graminoid,native,1,,1
Eleocharis minuta,Cyperaceae,4.monocot-graminoid,introduced,1,,1
Eleocharis sphacelata,Cyperaceae,4.monocot-graminoid,native,1,,1
Ficinia nodosa,Cyperaceae,4.monocot-graminoid,native,1,1,1
Fimbristylis dichotoma,Cyperaceae,4.monocot-graminoid,native,1,,1
Fimbristylis ferruginea,Cyperaceae,4.monocot-graminoid,native,1,,1
Gahnia aspera,Cyperaceae,4.monocot-graminoid,native,1,1,1
Gahnia clarkei,Cyperaceae,4.monocot-graminoid,native,1,,1
Gahnia erythrocarpa,Cyperaceae,4.monocot-graminoid,native,1,,1
Gahnia melanocarpa,Cyperaceae,4.monocot-graminoid,native,1,,1
Gahnia microstachya,Cyperaceae,4.monocot-graminoid,native,1,,1
Gahnia radula,Cyperaceae,4.monocot-graminoid,native,1,,1
Gahnia sieberiana,Cyperaceae,4.monocot-graminoid,native,1,,1
Gahnia subaequiglumis,Cyperaceae,4.monocot-graminoid,native,1,,1
Gymnoschoenus sphaerocephalus,Cyperaceae,4.monocot-graminoid,native,1,,1
Isolepis cernua,Cyperaceae,4.monocot-graminoid,native,1,,1
Isolepis fluitans,Cyperaceae,4.monocot-graminoid,native,1,,1
Isolepis inundata,Cyperaceae,4.monocot-graminoid,native,1,,1
Isolepis levynsiana,Cyperaceae,4.monocot-graminoid,introduced,1,,1
Isolepis prolifera,Cyperaceae,4.monocot-graminoid,introduced,1,,1
Lepidosperma concavum,Cyperaceae,4.monocot-graminoid,native,1,,1
Lepidosperma filiforme,Cyperaceae,4.monocot-graminoid,native,1,,1
Lepidosperma flexuosum,Cyperaceae,4.monocot-graminoid,native,1,,1
Lepidosperma forsythii,Cyperaceae,4.monocot-graminoid,native,1,,1
Lepidosperma gunnii,Cyperaceae,4.monocot-graminoid,native,1,,
Lepidosperma latens,Cyperaceae,4.monocot-graminoid,native,1,,
Lepidosperma laterale,Cyperaceae,4.monocot-graminoid,native,1,,1
Lepidosperma limicola,Cyperaceae,4.monocot-graminoid,native,1,,1
Lepidosperma longitudinale,Cyperaceae,4.monocot-graminoid,native,1,,1
Lepidosperma neesii,Cyperaceae,4.monocot-graminoid,native,1,,1
Lepidosperma prospectum,Cyperaceae,4.monocot-graminoid,native,1,,
Lepidosperma quadrangulatum,Cyperaceae,4.monocot-graminoid,native,1,,1
Lepidosperma sieberi,Cyperaceae,4.monocot-graminoid,native,1,,1
Lepidosperma urophorum,Cyperaceae,4.monocot-graminoid,native,1,,1
Lepidosperma viscidum,Cyperaceae,4.monocot-graminoid,native,1,,1
Machaerina acuta,Cyperaceae,4.monocot-graminoid,native,1,,1
Machaerina arthrophylla ,Cyperaceae,4.monocot-graminoid,native,1,,1
Machaerina articulata,Cyperaceae,4.monocot-graminoid,native,1,,1
Machaerina gunnii,Cyperaceae,4.monocot-graminoid,native,1,,1
Machaerina juncea,Cyperaceae,4.monocot-graminoid,native,1,,1
Machaerina nuda ,Cyperaceae,4.monocot-graminoid,native,1,,1
Machaerina rubiginosa,Cyperaceae,4.monocot-graminoid,native,1,,1
Machaerina teretifolia,Cyperaceae,4.monocot-graminoid,native,1,,1
Netrostylis capillaris,Cyperaceae,4.monocot-graminoid,native,1,,1
Ptilothrix deusta,Cyperaceae,4.monocot-graminoid,native,1,1,1
Rhynchospora brownii,Cyperaceae,4.monocot-graminoid,native,1,,1
Schoenoplectiella mucronata,Cyperaceae,4.monocot-graminoid,native,1,,1
Schoenus apogon,Cyperaceae,4.monocot-graminoid,native,1,1,1
Schoenus brevifolius,Cyperaceae,4.monocot-graminoid,native,1,1,1
Schoenus ericetorum,Cyperaceae,4.monocot-graminoid,native,1,,1
Schoenus imberbis,Cyperaceae,4.monocot-graminoid,native,,,
Schoenus lepidosperma,Cyperaceae,4.monocot-graminoid,native,1,,1
Schoenus maschalinus,Cyperaceae,4.monocot-graminoid,native,1,,1
Schoenus melanostachys,Cyperaceae,4.monocot-graminoid,native,1,1,1
Schoenus moorei,Cyperaceae,4.monocot-graminoid,native,1,,1
Schoenus nitens,Cyperaceae,4.monocot-graminoid,native,1,,1
Schoenus turbinatus,Cyperaceae,4.monocot-graminoid,native,1,,1
Schoenus villosus,Cyperaceae,4.monocot-graminoid,native,1,,1
Scleria mackaviensis,Cyperaceae,4.monocot-graminoid,native,1,,
Tricostularia pauciflora,Cyperaceae,4.monocot-graminoid,native,1,,1
Juncus acuminatus,Juncaceae,4.monocot-graminoid,introduced,1,,1
Juncus articulatus,Juncaceae,4.monocot-graminoid,introduced,,,
Juncus bufonius,Juncaceae,4.monocot-graminoid,native,1,,1
Juncus bulbosus,Juncaceae,4.monocot-graminoid,introduced,1,,1
Juncus caespiticius,Juncaceae,4.monocot-graminoid,native,1,,
Juncus capillaceus,Juncaceae,4.monocot-graminoid,introduced,1,,1
Juncus cognatus,Juncaceae,4.monocot-graminoid,introduced,1,,1
Juncus continuus,Juncaceae,4.monocot-graminoid,native,1,,1
Juncus effusus,Juncaceae,4.monocot-graminoid,introduced,1,,1
Juncus flavidus,Juncaceae,4.monocot-graminoid,native,1,,1
Juncus homalocaulis,Juncaceae,4.monocot-graminoid,native,1,,1
Juncus imbricatus,Juncaceae,4.monocot-graminoid,introduced,1,,
Juncus kraussii ,Juncaceae,4.monocot-graminoid,native,,,
Juncus microcephalus,Juncaceae,4.monocot-graminoid,introduced,1,,1
Juncus pallidus,Juncaceae,4.monocot-graminoid,native,1,,1
Juncus pauciflorus,Juncaceae,4.monocot-graminoid,native,1,,1
Juncus planifolius,Juncaceae,4.monocot-graminoid,native,1,1,1
Juncus prismatocarpus,Juncaceae,4.monocot-graminoid,native,1,,1
Juncus remotiflorus,Juncaceae,4.monocot-graminoid,native,1,,1
Juncus subsecundus,Juncaceae,4.monocot-graminoid,native,1,,1
Juncus tenuis,Juncaceae,4.monocot-graminoid,introduced,1,,1
Juncus usitatus,Juncaceae,4.monocot-graminoid,native,1,,1
Juncus vaginatus,Juncaceae,4.monocot-graminoid,native,1,,1
Luzula flaccida,Juncaceae,4.monocot-graminoid,native,1,,1
Cycnogeton procerum,Juncaginaceae,4.monocot-graminoid,native,1,1,1
Cycnogeton rheophilum,Juncaginaceae,4.monocot-graminoid,native,1,,1
Triglochin striata,Juncaginaceae,4.monocot-graminoid,native,1,,1
Aira caryophyllea,Poaceae,4.monocot-graminoid,introduced,,,
Aira praecox,Poaceae,4.monocot-graminoid,introduced,,,
Amphipogon strictus,Poaceae,4.monocot-graminoid,native,1,,1
Andropogon virginicus,Poaceae,4.monocot-graminoid,introduced,,1,
Anisopogon avenaceus,Poaceae,4.monocot-graminoid,native,1,1,1
Anthosachne scabra,Poaceae,4.monocot-graminoid,native,,,
Anthoxanthum odoratum,Poaceae,4.monocot-graminoid,introduced,,,
Aristida ramosa ,Poaceae,4.monocot-graminoid,native,,,
Aristida vagans,Poaceae,4.monocot-graminoid,native,1,,1
Aristida warburgii,Poaceae,4.monocot-graminoid,native,,,
Arundo donax,Poaceae,4.monocot-graminoid,introduced,,,
Austrostipa mollis,Poaceae,4.monocot-graminoid,native,1,,
Austrostipa pubescens,Poaceae,4.monocot-graminoid,native,1,,1
Austrostipa rudis,Poaceae,4.monocot-graminoid,native,1,,
Axonopus fissifolius,Poaceae,4.monocot-graminoid,introduced,1,,1
Bothriochloa decipiens,Poaceae,4.monocot-graminoid,native,1,,1
Briza maxima,Poaceae,4.monocot-graminoid,introduced,,1,
Briza minor,Poaceae,4.monocot-graminoid,introduced,,,
Bromus catharticus,Poaceae,4.monocot-graminoid,introduced,,,
Bromus diandrus,Poaceae,4.monocot-graminoid,introduced,,,
Bromus molliformis,Poaceae,4.monocot-graminoid,introduced,,,
Calamagrostis angustifolia,Poaceae,4.monocot-graminoid,native,1,,
Calamagrostis decipiens,Poaceae,4.monocot-graminoid,native,,,
Calamagrostis quadriseta,Poaceae,4.monocot-graminoid,native,1,,1
Cenchrus alopecuroides,Poaceae,4.monocot-graminoid,introduced,1,,1
Cenchrus caliculatus,Poaceae,4.monocot-graminoid,native,1,,1
Cenchrus clandestinus,Poaceae,4.monocot-graminoid,introduced,1,,1
Cenchrus macrourus,Poaceae,4.monocot-graminoid,introduced,,,
Chascolytrum subaristatum,Poaceae,4.monocot-graminoid,introduced,,,
Chloris gayana,Poaceae,4.monocot-graminoid,introduced,,,
Cortaderia selloana,Poaceae,4.monocot-graminoid,introduced,,1,
Cymbopogon refractus,Poaceae,4.monocot-graminoid,native,,,
Cynodon dactylon,Poaceae,4.monocot-graminoid,introduced,1,,1
Dichelachne crinita,Poaceae,4.monocot-graminoid,native,1,,1
Dichelachne micrantha,Poaceae,4.monocot-graminoid,native,,,
Dichelachne rara,Poaceae,4.monocot-graminoid,native,,,
Digitaria ciliaris,Poaceae,4.monocot-graminoid,introduced,1,,1
Digitaria didactyla,Poaceae,4.monocot-graminoid,introduced,1,,1
Digitaria ischaemum,Poaceae,4.monocot-graminoid,introduced,1,,1
Digitaria parviflora,Poaceae,4.monocot-graminoid,native,1,,1
Digitaria sanguinalis,Poaceae,4.monocot-graminoid,native,,,
Echinochloa crus-galli,Poaceae,4.monocot-graminoid,introduced,1,,1
Echinopogon caespitosus,Poaceae,4.monocot-graminoid,native,1,,1
Echinopogon ovatus,Poaceae,4.monocot-graminoid,native,,1,
Ehrharta erecta,Poaceae,4.monocot-graminoid,introduced,,,
Eleusine indica,Poaceae,4.monocot-graminoid,introduced,,,
Entolasia marginata,Poaceae,4.monocot-graminoid,native,1,,1
Entolasia stricta,Poaceae,4.monocot-graminoid,native,1,1,1
Entolasia whiteana,Poaceae,4.monocot-graminoid,native,1,,1
Eragrostis benthamii,Poaceae,4.monocot-graminoid,native,,,
Eragrostis brownii,Poaceae,4.monocot-graminoid,native,1,,1
Eragrostis cilianensis,Poaceae,4.monocot-graminoid,introduced,1,,1
Eragrostis curvula,Poaceae,4.monocot-graminoid,introduced,,1,
Eragrostis tenuifolia,Poaceae,4.monocot-graminoid,introduced,1,,1
Eragrostis trachycarpa,Poaceae,4.monocot-graminoid,native,1,,1
Eriachne glabrata,Poaceae,4.monocot-graminoid,native,1,,1
Festuca fasciculata,Poaceae,4.monocot-graminoid,introduced,1,,
Hemarthria uncinata,Poaceae,4.monocot-graminoid,native,1,,1
Holcus lanatus,Poaceae,4.monocot-graminoid,introduced,,1,
Imperata cylindrica,Poaceae,4.monocot-graminoid,native,1,1,1
Isachne globosa,Poaceae,4.monocot-graminoid,native,,,
Lachnagrostis billardierei ,Poaceae,4.monocot-graminoid,native,,,
Lachnagrostis filiformis,Poaceae,4.monocot-graminoid,native,1,,1
Lagurus ovatus,Poaceae,4.monocot-graminoid,introduced,1,,
Lolium arundinaceum,Poaceae,4.monocot-graminoid,introduced,1,,1
Melinis repens,Poaceae,4.monocot-graminoid,introduced,,,
Microlaena stipoides,Poaceae,4.monocot-graminoid,native,1,1,1
Oplismenus hirtellus,Poaceae,4.monocot-graminoid,native,1,1,1
Panicum simile,Poaceae,4.monocot-graminoid,native,1,,1
Parapholis incurva,Poaceae,4.monocot-graminoid,introduced,,,
Paspalum dilatatum,Poaceae,4.monocot-graminoid,introduced,,1,
Paspalum distichum,Poaceae,4.monocot-graminoid,native,,,
Paspalum orbiculare,Poaceae,4.monocot-graminoid,native,,,
Paspalum urvillei,Poaceae,4.monocot-graminoid,introduced,,,
Phragmites australis,Poaceae,4.monocot-graminoid,native,,1,
Plinthanthesis paradoxa,Poaceae,4.monocot-graminoid,native,1,,1
Poa affinis,Poaceae,4.monocot-graminoid,native,1,,1
Poa annua,Poaceae,4.monocot-graminoid,introduced,,,
Poa billardierei,Poaceae,4.monocot-graminoid,native,1,,
Poa labillardierei,Poaceae,4.monocot-graminoid,native,1,,1
Poa poiformis,Poaceae,4.monocot-graminoid,native,1,,1
Poa tenera,Poaceae,4.monocot-graminoid,native,1,,1
Polypogon monspeliensis,Poaceae,4.monocot-graminoid,introduced,1,,1
Pseudoraphis paradoxa,Poaceae,4.monocot-graminoid,native,1,,1
Rytidosperma longifolium,Poaceae,4.monocot-graminoid,native,1,,
Rytidosperma pallidum,Poaceae,4.monocot-graminoid,native,1,,1
Rytidosperma racemosum,Poaceae,4.monocot-graminoid,native,1,,1
Rytidosperma tenuius,Poaceae,4.monocot-graminoid,native,1,,
Sacciolepis indica,Poaceae,4.monocot-graminoid,native,1,,1
Setaria distans,Poaceae,4.monocot-graminoid,native,1,,1
Setaria parviflora,Poaceae,4.monocot-graminoid,introduced,1,1,1
Spinifex sericeus,Poaceae,4.monocot-graminoid,native,1,,1
Sporobolus africanus,Poaceae,4.monocot-graminoid,introduced,1,,1
Sporobolus creber,Poaceae,4.monocot-graminoid,native,1,,1
Sporobolus virginicus,Poaceae,4.monocot-graminoid,native,1,1,1
Stenotaphrum secundatum,Poaceae,4.monocot-graminoid,introduced,1,1,
Stolonochloa pygmaea,Poaceae,4.monocot-graminoid,native,1,,1
Tetrarrhena turfosa,Poaceae,4.monocot-graminoid,native,,,
Themeda triandra,Poaceae,4.monocot-graminoid,native,1,1,1
Zoysia macrantha,Poaceae,4.monocot-graminoid,native,,,
Posidonia australis,Posidoniaceae,4.monocot-graminoid,native,1,,1
Potamogeton ochreatus,Potamogetonaceae,4.monocot-graminoid,native,1,,1
Baloskion gracile,Restionaceae,4.monocot-graminoid,native,1,,1
Baloskion tetraphyllum,Restionaceae,4.monocot-graminoid,native,1,,1
Centrolepis fascicularis,Restionaceae,4.monocot-graminoid,native,1,,1
Centrolepis strigosa,Restionaceae,4.monocot-graminoid,native,1,,
Chordifex dimorphus,Restionaceae,4.monocot-graminoid,native,1,,1
Chordifex fastigiatus,Restionaceae,4.monocot-graminoid,native,1,,1
Empodisma minus,Restionaceae,4.monocot-graminoid,native,1,1,1
Eurychorda complanata,Restionaceae,4.monocot-graminoid,native,1,,1
Hypolaena fastigiata,Restionaceae,4.monocot-graminoid,native,1,,1
Leptocarpus tenax,Restionaceae,4.monocot-graminoid,native,1,1,1
Lepyrodia anarthria,Restionaceae,4.monocot-graminoid,native,1,,1
Lepyrodia muelleri,Restionaceae,4.monocot-graminoid,native,1,,1
Lepyrodia scariosa,Restionaceae,4.monocot-graminoid,native,1,1,1
Lepyrodia verruculosa,Restionaceae,4.monocot-graminoid,native,1,,1
Sporadanthus gracilis,Restionaceae,4.monocot-graminoid,native,1,,1
Zostera capricorni,Zosteraceae,4.monocot-graminoid,native,1,,1
Hydrocleys nymphoides,Alismataceae,5.monocot-showy,introduced,1,1,
Sagittaria platyphylla,Alismataceae,5.monocot-showy,introduced,,1,
Alstroemeria psittacina,Alstroemeriaceae,5.monocot-showy,introduced,,1,
Agapanthus praecox,Amaryllidaceae,5.monocot-showy,introduced,,1,
Crinum pedunculatum,Amaryllidaceae,5.monocot-showy,native,,,
Leucojum aestivum,Amaryllidaceae,5.monocot-showy,introduced,,1,
Nothoscordum gracile,Amaryllidaceae,5.monocot-showy,introduced,,1,
Sprekelia formosissima,Amaryllidaceae,5.monocot-showy,introduced,,1,
Alocasia brisbanensis,Araceae,5.monocot-showy,native,,1,
Arum italicum,Araceae,5.monocot-showy,introduced,,1,
Gymnostachys anceps,Araceae,5.monocot-showy,native,1,1,1
Typhonium eliosurum,Araceae,5.monocot-showy,native,1,,1
Zantedeschia aethiopica,Araceae,5.monocot-showy,introduced,1,1,1
Archontophoenix cunninghamiana,Arecaceae,5.monocot-showy,native,,,
Livistona australis,Arecaceae,5.monocot-showy,native,1,1,1
Asparagus aethiopicus,Asparagaceae,5.monocot-showy,introduced,1,1,1
Asparagus asparagoides,Asparagaceae,5.monocot-showy,introduced,,1,
Asparagus setaceus,Asparagaceae,5.monocot-showy,introduced,1,,1
Chlorophytum comosum,Asparagaceae,5.monocot-showy,introduced,,1,
Eustrephus latifolius,Asparagaceae,5.monocot-showy,native,1,1,1
Laxmannia gracilis,Asparagaceae,5.monocot-showy,native,1,,1
Lomandra brevis,Asparagaceae,5.monocot-showy,native,1,,1
Lomandra cylindrica,Asparagaceae,5.monocot-showy,native,1,1,1
Lomandra filiformis,Asparagaceae,5.monocot-showy,native,1,1,1
Lomandra fluviatilis,Asparagaceae,5.monocot-showy,native,1,,1
Lomandra glauca,Asparagaceae,5.monocot-showy,native,1,1,1
Lomandra gracilis,Asparagaceae,5.monocot-showy,native,1,,1
Lomandra longifolia,Asparagaceae,5.monocot-showy,native,1,1,1
Lomandra micrantha,Asparagaceae,5.monocot-showy,native,1,,1
Lomandra multiflora,Asparagaceae,5.monocot-showy,native,1,1,1
Lomandra obliqua,Asparagaceae,5.monocot-showy,native,1,1,1
Sowerbaea juncea,Asparagaceae,5.monocot-showy,native,1,1,1
Thysanotus juncifolius,Asparagaceae,5.monocot-showy,native,1,,1
Thysanotus tuberosus,Asparagaceae,5.monocot-showy,native,1,1,1
Thysanotus virgatus,Asparagaceae,5.monocot-showy,native,1,1,1
Caesia parviflora,Asphodelaceae,5.monocot-showy,native,1,1,1
Dianella caerulea,Asphodelaceae,5.monocot-showy,native,1,1,1
Dianella congesta,Asphodelaceae,5.monocot-showy,native,,1,
Dianella revoluta,Asphodelaceae,5.monocot-showy,native,1,1,1
Geitonoplesium cymosum,Asphodelaceae,5.monocot-showy,native,1,1,1
Kniphofia uvaria,Asphodelaceae,5.monocot-showy,introduced,,1,
Thelionema umbellatum,Asphodelaceae,5.monocot-showy,native,1,1,1
Trachyandra divaricata,Asphodelaceae,5.monocot-showy,introduced,,1,
Tricoryne elatior,Asphodelaceae,5.monocot-showy,native,1,1,1
Tricoryne simplex,Asphodelaceae,5.monocot-showy,native,1,1,1
Xanthorrhoea arborea,Asphodelaceae,5.monocot-showy,native,1,1,1
Xanthorrhoea macronema,Asphodelaceae,5.monocot-showy,native,1,1,1
Xanthorrhoea media,Asphodelaceae,5.monocot-showy,native,1,1,1
Xanthorrhoea resinosa,Asphodelaceae,5.monocot-showy,native,1,1,1
Blandfordia nobilis,Blandfordiaceae,5.monocot-showy,native,1,1,1
Canna indica,Cannaceae,5.monocot-showy,introduced,,,
Burchardia umbellata,Colchicaceae,5.monocot-showy,native,1,1,
Schelhammera undulata,Colchicaceae,5.monocot-showy,native,1,1,1
Aneilema acuminatum,Commelinaceae,5.monocot-showy,native,,1,
Aneilema biflorum,Commelinaceae,5.monocot-showy,native,1,,1
Commelina cyanea,Commelinaceae,5.monocot-showy,native,,1,
Pollia crispata,Commelinaceae,5.monocot-showy,native,1,,1
Tradescantia fluminensis,Commelinaceae,5.monocot-showy,introduced,,1,
Doryanthes excelsa,Doryanthaceae,5.monocot-showy,native,1,1,1
Eriocaulon scariosum,Eriocaulaceae,5.monocot-showy,native,1,,1
Flagellaria indica,Flagellariaceae,5.monocot-showy,native,1,,1
Haemodorum corymbosum,Haemodoraceae,5.monocot-showy,native,1,1,1
Haemodorum planifolium,Haemodoraceae,5.monocot-showy,native,1,1,1
Egeria densa,Hydrocharitaceae,5.monocot-showy,introduced,1,,1
Halophila australis,Hydrocharitaceae,5.monocot-showy,native,,,
Halophila decipiens,Hydrocharitaceae,5.monocot-showy,native,1,,1
Halophila ovalis,Hydrocharitaceae,5.monocot-showy,native,1,,1
Vallisneria australis,Hydrocharitaceae,5.monocot-showy,native,1,1,1
Vallisneria nana,Hydrocharitaceae,5.monocot-showy,native,1,,1
Hypoxis hygrometrica,Hypoxidaceae,5.monocot-showy,native,1,,
Aristea ecklonii,Iridaceae,5.monocot-showy,introduced,,1,
Dietes grandiflora,Iridaceae,5.monocot-showy,introduced,,1,
Freesia alba × leichtlinii,Iridaceae,5.monocot-showy,native,,,
Gladiolus × hortulanus,Iridaceae,5.monocot-showy,introduced,,1,
Gladiolus undulatus,Iridaceae,5.monocot-showy,introduced,1,1,1
Herbertia lahue,Iridaceae,5.monocot-showy,introduced,,1,
Libertia paniculata,Iridaceae,5.monocot-showy,native,1,1,1
Patersonia fragilis,Iridaceae,5.monocot-showy,native,1,,1
Patersonia glabrata,Iridaceae,5.monocot-showy,native,1,1,1
Patersonia sericea,Iridaceae,5.monocot-showy,native,1,1,1
Romulea rosea,Iridaceae,5.monocot-showy,introduced,,1,
Sisyrinchium micranthum,Iridaceae,5.monocot-showy,introduced,1,1,1
Watsonia meriana,Iridaceae,5.monocot-showy,introduced,,1,
Lilium formosanum,Liliaceae,5.monocot-showy,introduced,1,1,1
Acianthus caudatus,Orchidaceae,5.monocot-showy,native,1,1,1
Acianthus exsertus,Orchidaceae,5.monocot-showy,native,1,,1
Acianthus fornicatus,Orchidaceae,5.monocot-showy,native,1,1,1
Acianthus pusillus,Orchidaceae,5.monocot-showy,native,,1,
Adenochilus nortonii,Orchidaceae,5.monocot-showy,native,,,
Bulbophyllum exiguum,Orchidaceae,5.monocot-showy,native,1,1,1
Bulbophyllum shepherdii,Orchidaceae,5.monocot-showy,native,1,1,1
Burnettia cuneata,Orchidaceae,5.monocot-showy,native,1,,1
Caladenia alata,Orchidaceae,5.monocot-showy,native,,1,
Caladenia carnea,Orchidaceae,5.monocot-showy,native,1,1,1
Caladenia catenata,Orchidaceae,5.monocot-showy,native,1,1,1
Caladenia curtisepala,Orchidaceae,5.monocot-showy,native,,,
Caladenia fuscata,Orchidaceae,5.monocot-showy,native,1,1,1
Caladenia picta,Orchidaceae,5.monocot-showy,native,1,1,
Caladenia tessellata,Orchidaceae,5.monocot-showy,native,1,,1
Caladenia testacea,Orchidaceae,5.monocot-showy,native,,,
Caladenia transitoria,Orchidaceae,5.monocot-showy,native,,1,
Caleana major,Orchidaceae,5.monocot-showy,native,1,1,1
Caleana minor,Orchidaceae,5.monocot-showy,native,1,,1
Calochilus campestris,Orchidaceae,5.monocot-showy,native,1,1,1
Calochilus gracillimus,Orchidaceae,5.monocot-showy,native,,1,
Calochilus paludosus,Orchidaceae,5.monocot-showy,native,1,1,1
Calochilus robertsonii,Orchidaceae,5.monocot-showy,native,1,1,1
Chiloglottis diphylla,Orchidaceae,5.monocot-showy,native,1,1,
Chiloglottis formicifera,Orchidaceae,5.monocot-showy,native,1,1,1
Chiloglottis reflexa,Orchidaceae,5.monocot-showy,native,1,,1
Chiloglottis seminuda,Orchidaceae,5.monocot-showy,native,1,1,1
Chiloglottis trapeziformis,Orchidaceae,5.monocot-showy,native,,1,
Corybas aconitiflorus,Orchidaceae,5.monocot-showy,native,1,1,1
Corybas barbarae,Orchidaceae,5.monocot-showy,native,1,1,1
Corybas fimbriatus,Orchidaceae,5.monocot-showy,native,1,1,1
Corybas hispidus,Orchidaceae,5.monocot-showy,native,1,,1
Corybas pruinosus,Orchidaceae,5.monocot-showy,native,1,1,1
Corybas undulatus,Orchidaceae,5.monocot-showy,native,1,1,1
Corybas unguiculatus,Orchidaceae,5.monocot-showy,native,1,1,1
Cryptostylis erecta,Orchidaceae,5.monocot-showy,native,,1,
Cryptostylis hunteriana,Orchidaceae,5.monocot-showy,native,,1,
Cryptostylis leptochila,Orchidaceae,5.monocot-showy,native,,1,
Cryptostylis subulata,Orchidaceae,5.monocot-showy,native,,1,
Cyanicula caerulea,Orchidaceae,5.monocot-showy,native,,,
Cymbidium suave,Orchidaceae,5.monocot-showy,native,1,1,1
Cyrtostylis reniformis,Orchidaceae,5.monocot-showy,native,1,,1
Dendrobium aemulum,Orchidaceae,5.monocot-showy,native,,,
Dendrobium linguiforme,Orchidaceae,5.monocot-showy,native,1,1,1
Dendrobium pugioniforme,Orchidaceae,5.monocot-showy,native,,,
Dendrobium speciosum,Orchidaceae,5.monocot-showy,native,,1,
Dendrobium striolatum,Orchidaceae,5.monocot-showy,native,1,1,1
Dendrobium teretifolium,Orchidaceae,5.monocot-showy,native,1,1,1
Dendrobium tetragonum,Orchidaceae,5.monocot-showy,native,1,1,1
Dipodium punctatum,Orchidaceae,5.monocot-showy,native,1,1,1
Dipodium roseum,Orchidaceae,5.monocot-showy,native,,1,
Dipodium variegatum,Orchidaceae,5.monocot-showy,native,,1,
Diuris aurea,Orchidaceae,5.monocot-showy,native,1,1,1
Diuris maculata,Orchidaceae,5.monocot-showy,native,1,1,1
Diuris sulphurea,Orchidaceae,5.monocot-showy,native,,,
Eriochilus cucullatus,Orchidaceae,5.monocot-showy,native,,1,
Eriochilus petricola,Orchidaceae,5.monocot-showy,native,,1,
Erythrorchis cassythoides,Orchidaceae,5.monocot-showy,native,1,1,1
Gastrodia sesamoides,Orchidaceae,5.monocot-showy,native,1,1,1
Genoplesium baueri,Orchidaceae,5.monocot-showy,native,1,1,1
Genoplesium densum,Orchidaceae,5.monocot-showy,native,1,1,1
Genoplesium despectans,Orchidaceae,5.monocot-showy,native,,1,
Genoplesium filiforme,Orchidaceae,5.monocot-showy,native,1,1,1
Genoplesium fimbriatum,Orchidaceae,5.monocot-showy,native,1,1,1
Genoplesium nudiscapum,Orchidaceae,5.monocot-showy,native,1,,1
Genoplesium pumilum,Orchidaceae,5.monocot-showy,native,1,1,1
Genoplesium rufum,Orchidaceae,5.monocot-showy,native,,,
Genoplesium woollsii,Orchidaceae,5.monocot-showy,native,1,,1
Glossodia major,Orchidaceae,5.monocot-showy,native,1,1,1
Glossodia minor,Orchidaceae,5.monocot-showy,native,1,1,1
Liparis reflexa,Orchidaceae,5.monocot-showy,native,1,1,1
Lyperanthus suaveolens,Orchidaceae,5.monocot-showy,native,1,1,1
Microtis parviflora,Orchidaceae,5.monocot-showy,native,1,1,1
Microtis rara,Orchidaceae,5.monocot-showy,native,1,,1
Microtis unifolia,Orchidaceae,5.monocot-showy,native,1,,1
Orthoceras strictum,Orchidaceae,5.monocot-showy,native,1,1,1
Plectorrhiza beckleri,Orchidaceae,5.monocot-showy,native,1,1,1
Plectorrhiza tridentata,Orchidaceae,5.monocot-showy,native,1,1,1
Prasophyllum australe,Orchidaceae,5.monocot-showy,native,,,
Prasophyllum brevilabre,Orchidaceae,5.monocot-showy,native,1,,1
Prasophyllum elatum,Orchidaceae,5.monocot-showy,native,1,1,1
Prasophyllum flavum,Orchidaceae,5.monocot-showy,native,1,1,1
Prasophyllum patens,Orchidaceae,5.monocot-showy,native,1,,1
Prasophyllum striatum,Orchidaceae,5.monocot-showy,native,1,,1
Pterostylis acuminata,Orchidaceae,5.monocot-showy,native,1,1,1
Pterostylis alveata,Orchidaceae,5.monocot-showy,native,1,,1
Pterostylis baptistii,Orchidaceae,5.monocot-showy,native,,,
Pterostylis concinna,Orchidaceae,5.monocot-showy,native,1,1,1
Pterostylis curta,Orchidaceae,5.monocot-showy,native,1,1,1
Pterostylis daintreana,Orchidaceae,5.monocot-showy,native,1,1,1
Pterostylis erecta,Orchidaceae,5.monocot-showy,native,1,1,1
Pterostylis furva,Orchidaceae,5.monocot-showy,native,1,1,
Pterostylis grandiflora,Orchidaceae,5.monocot-showy,native,1,1,1
Pterostylis hispidula,Orchidaceae,5.monocot-showy,native,,1,
Pterostylis longifolia,Orchidaceae,5.monocot-showy,native,1,1,1
Pterostylis mutica,Orchidaceae,5.monocot-showy,native,,,
Pterostylis nutans,Orchidaceae,5.monocot-showy,native,1,1,1
Pterostylis oblonga,Orchidaceae,5.monocot-showy,native,1,1,1
Pterostylis obtusa,Orchidaceae,5.monocot-showy,native,1,,1
Pterostylis parviflora,Orchidaceae,5.monocot-showy,native,1,1,1
Pterostylis pedoglossa,Orchidaceae,5.monocot-showy,native,1,1,1
Pterostylis pedunculata,Orchidaceae,5.monocot-showy,native,1,1,1
Pterostylis reflexa,Orchidaceae,5.monocot-showy,native,,,
Pterostylis uliginosa,Orchidaceae,5.monocot-showy,native,1,1,
Pyrorchis nigricans,Orchidaceae,5.monocot-showy,native,,1,
Rimacola elliptica,Orchidaceae,5.monocot-showy,native,,,
Sarcochilus hillii,Orchidaceae,5.monocot-showy,native,1,,1
Sarcochilus parviflorus,Orchidaceae,5.monocot-showy,native,1,1,1
Spiranthes australis,Orchidaceae,5.monocot-showy,native,1,1,1
Thelymitra atronitida,Orchidaceae,5.monocot-showy,native,,1,
Thelymitra carnea,Orchidaceae,5.monocot-showy,native,1,1,1
Thelymitra fragrans,Orchidaceae,5.monocot-showy,native,1,,
Thelymitra improcera,Orchidaceae,5.monocot-showy,native,,1,
Thelymitra ixioides,Orchidaceae,5.monocot-showy,native,1,1,1
Thelymitra malvina,Orchidaceae,5.monocot-showy,native,,,
Thelymitra media ,Orchidaceae,5.monocot-showy,native,,,
Thelymitra pauciflora,Orchidaceae,5.monocot-showy,native,,,
Thelymitra peniculata,Orchidaceae,5.monocot-showy,native,1,1,1
Thelymitra venosa,Orchidaceae,5.monocot-showy,native,1,,1
Philydrum lanuginosum,Philydraceae,5.monocot-showy,native,,1,
Ripogonum album,Ripogonaceae,5.monocot-showy,native,1,,1
Smilax australis,Smilacaceae,5.monocot-showy,native,1,1,1
Smilax glyciphylla,Smilacaceae,5.monocot-showy,native,1,1,1
Xyris bracteata,Xyridaceae,5.monocot-showy,native,1,,1
Xyris complanata,Xyridaceae,5.monocot-showy,native,,1,
Xyris gracilis,Xyridaceae,5.monocot-showy,native,1,1,1
Xyris juncea,Xyridaceae,5.monocot-showy,native,1,,1
Xyris operculata,Xyridaceae,5.monocot-showy,native,1,,1
